"Format","MoTeC CSV File",,,"Workbook","Samples"
"Venue","spa",,,"Worksheet","Graph"
"Vehicle","ks_porsche_911_gt3_r_2016",,,"Vehicle Desc",""
"Driver","xxzerpia23",,,"Engine ID",""
"Device","ADL"
"Comment","Tires: Slick Soft (S)",,,"Session","PRACTICE"
"Log Date","6/12/2026",,,"Origin Time","139.249","s"
"Log Time","1:02:00 AM",,,"Start Time","139.250","s"
"Sample Rate","20.000","Hz",,"End Time","281.100","s"
"Duration","141.850","s",,"Start Distance","6607","m"
"Range","Lap 1",,,"End Distance","13562","m"


"Engine RPM","Ground Speed","Throttle Pos","Brake Pos","Steering Angle","Lap Time"
"rpm","km/h","%","%","deg","s"


"7459","165.17","100.00","0.00","-0.28","0.00"
"7253","166.10","100.00","0.00","-1.12","0.05"
"7299","166.70","100.00","0.00","-2.19","0.11"
"7330","167.35","100.00","0.00","-2.19","0.16"
"7363","167.96","100.00","0.00","-1.63","0.21"
"7379","168.47","100.00","0.00","-1.39","0.25"
"7406","169.09","100.00","0.00","-0.84","0.30"
"7418","169.71","100.00","0.00","-0.56","0.36"
"7444","170.32","100.00","0.00","-0.28","0.41"
"7486","170.91","100.00","0.00","0.00","0.45"
"7503","171.57","100.00","0.00","0.28","0.51"
"7535","172.05","100.00","0.00","0.28","0.55"
"7557","172.66","100.00","0.00","0.28","0.60"
"7571","173.27","100.00","0.00","0.00","0.66"
"7611","173.86","100.00","0.00","-0.56","0.70"
"7629","174.47","100.00","0.00","-0.56","0.75"
"7662","175.05","100.00","0.00","0.00","0.81"
"7675","175.69","100.00","0.00","0.28","0.86"
"7704","176.29","100.00","0.00","-0.28","0.91"
"7741","176.72","100.00","0.00","-1.12","0.95"
"7769","177.34","100.00","0.00","-1.39","1.00"
"7779","177.94","100.00","0.00","-0.84","1.05"
"7819","178.51","100.00","0.00","0.00","1.11"
"7829","179.11","100.00","0.00","0.00","1.16"
"7858","179.69","100.00","0.00","0.00","1.21"
"7881","180.18","100.00","0.00","0.00","1.25"
"7933","180.73","100.00","0.00","0.00","1.30"
"7927","181.34","100.00","0.00","0.28","1.35"
"7942","181.94","100.00","0.00","0.84","1.41"
"7975","182.55","100.00","0.00","0.56","1.46"
"8019","183.07","100.00","0.00","-0.28","1.50"
"8035","183.66","100.00","0.00","-0.56","1.56"
"8055","184.23","100.00","0.00","-0.84","1.61"
"8072","184.81","100.00","0.00","0.00","1.66"
"8088","185.35","100.00","0.00","0.56","1.71"
"8134","185.90","100.00","0.00","1.12","1.76"
"8162","186.44","100.00","0.00","1.12","1.81"
"8175","186.91","100.00","0.00","0.84","1.85"
"8194","187.47","100.00","0.00","0.56","1.90"
"8212","188.04","100.00","0.00","0.28","1.95"
"8241","188.59","100.00","0.00","0.28","2.00"
"8273","189.10","100.00","0.00","0.28","2.05"
"8284","189.66","100.00","0.00","0.28","2.10"
"8317","190.17","100.00","0.00","0.28","2.16"
"8314","190.73","100.00","0.00","0.56","2.20"
"8338","191.25","100.00","0.00","0.84","2.25"
"8405","191.72","100.00","0.00","0.84","2.30"
"8436","192.19","100.00","0.00","0.56","2.35"
"8414","192.74","100.00","0.00","-0.28","2.40"
"8422","193.28","100.00","0.00","-0.28","2.45"
"8446","193.79","100.00","0.00","0.00","2.50"
"8535","194.20","100.00","0.00","1.12","2.55"
"8525","194.69","100.00","0.00","1.67","2.61"
"8503","195.24","100.00","0.00","1.40","2.66"
"8530","195.75","100.00","0.00","0.28","2.70"
"8580","196.19","100.00","0.00","-0.28","2.76"
"8574","196.69","100.00","0.00","-0.28","2.81"
"8588","197.16","100.00","0.00","-0.28","2.86"
"8635","197.60","100.00","0.00","-0.56","2.91"
"8667","198.07","100.00","0.00","-0.56","2.96"
"8696","198.49","100.00","0.00","0.00","3.00"
"8679","198.96","100.00","0.00","0.84","3.05"
"8686","199.44","100.00","0.00","0.84","3.11"
"8704","199.89","100.00","0.00","-0.28","3.15"
"8585","200.18","100.00","0.00","0.00","3.20"
"7643","199.86","100.00","0.00","0.00","3.25"
"7400","200.55","100.00","0.00","0.28","3.30"
"7403","200.98","100.00","0.00","0.28","3.36"
"7436","201.36","100.00","0.00","0.28","3.40"
"7464","201.75","100.00","0.00","0.28","3.45"
"7468","202.14","100.00","0.00","0.28","3.50"
"7472","202.57","100.00","0.00","0.28","3.55"
"7483","203.01","100.00","0.00","0.28","3.61"
"7493","203.36","100.00","0.00","0.28","3.65"
"7533","203.82","100.00","0.00","0.56","3.71"
"7569","204.16","100.00","0.00","0.84","3.76"
"7550","204.59","100.00","0.00","0.84","3.81"
"7551","204.99","100.00","0.00","0.56","3.86"
"7568","205.37","100.00","0.00","0.28","3.91"
"7605","205.75","100.00","0.00","0.28","3.96"
"7628","206.11","100.00","0.00","0.28","4.00"
"7621","206.53","100.00","0.00","0.28","4.05"
"7626","206.91","100.00","0.00","-0.28","4.11"
"7636","207.31","100.00","0.00","-0.28","4.16"
"7666","207.67","100.00","0.00","-0.28","4.20"
"7701","208.04","100.00","0.00","-0.56","4.25"
"7697","208.42","100.00","0.00","-0.84","4.30"
"7695","208.84","100.00","0.00","-1.39","4.35"
"7717","209.20","100.00","0.00","-1.91","4.40"
"7748","209.57","100.00","0.00","-1.91","4.45"
"7747","210.05","100.00","0.00","-1.63","4.51"
"7765","210.35","100.00","0.00","-1.63","4.55"
"7772","210.79","100.00","0.00","-1.39","4.61"
"7773","211.15","100.00","0.00","-1.12","4.66"
"7779","211.48","100.00","0.00","-1.12","4.70"
"7840","211.86","100.00","0.00","-1.63","4.76"
"7840","212.23","100.00","0.00","-1.63","4.81"
"7841","212.56","100.00","0.00","-1.63","4.85"
"7850","212.97","100.00","0.00","-1.63","4.91"
"7859","213.34","100.00","0.00","-1.39","4.96"
"7848","213.66","82.33","2.49","-1.12","5.01"
"7694","213.12","30.39","64.69","-0.56","5.06"
"7449","210.07","0.00","100.00","-0.56","5.11"
"7199","206.74","0.00","100.00","-0.56","5.16"
"7128","203.17","0.00","100.00","-0.56","5.21"
"7140","199.70","0.00","100.00","-0.56","5.25"
"8094","196.10","80.00","100.00","-0.28","5.31"
"8339","192.88","0.00","100.00","0.00","5.36"
"7937","189.63","0.00","100.00","0.28","5.41"
"7800","186.00","0.00","100.00","1.40","5.46"
"7683","182.49","0.00","100.00","3.02","5.51"
"7515","179.32","0.00","100.00","3.58","5.55"
"7331","175.87","0.00","98.14","2.74","5.61"
"7229","172.55","0.00","95.15","1.95","5.66"
"7139","169.24","0.00","90.22","1.95","5.70"
"6973","166.07","0.00","89.78","1.95","5.76"
"7452","163.04","80.00","88.24","1.95","5.81"
"8240","160.28","13.33","82.47","1.67","5.86"
"7846","157.38","0.00","78.96","1.12","5.91"
"7880","154.56","0.00","78.55","1.12","5.96"
"7676","151.74","0.00","78.34","1.40","6.01"
"7589","148.84","0.00","78.34","1.40","6.06"
"7500","146.01","0.00","78.34","1.40","6.11"
"7341","143.41","0.00","78.34","1.40","6.16"
"7212","141.13","0.00","78.34","1.40","6.20"
"7016","138.52","0.00","78.34","1.40","6.25"
"6825","135.73","24.00","78.34","1.12","6.30"
"8134","133.04","69.33","78.34","0.84","6.36"
"7979","130.42","0.00","78.34","0.84","6.41"
"7804","127.76","0.00","78.34","0.84","6.45"
"7767","124.87","0.00","78.34","0.84","6.51"
"7605","122.04","0.00","78.34","1.12","6.56"
"7518","119.24","0.00","78.34","1.67","6.61"
"7398","116.93","0.00","78.34","2.19","6.65"
"7213","114.31","0.00","78.34","2.74","6.70"
"6944","111.61","0.00","78.34","3.86","6.75"
"6834","108.93","0.00","78.34","4.93","6.80"
"6670","105.99","0.00","78.34","6.56","6.86"
"6622","103.34","72.00","77.74","8.74","6.91"
"7938","100.79","53.33","75.93","11.49","6.96"
"7728","98.77","0.00","72.97","14.23","7.00"
"7676","96.37","0.00","65.96","18.04","7.05"
"7849","93.64","0.00","59.53","22.41","7.10"
"7927","91.10","0.00","52.84","27.34","7.16"
"7763","89.22","0.00","45.86","32.27","7.20"
"7665","87.53","0.00","41.95","38.27","7.25"
"7494","85.75","0.00","41.11","44.83","7.31"
"7359","84.28","0.00","41.11","50.27","7.35"
"7227","82.66","0.00","41.11","56.26","7.41"
"7045","81.02","0.00","41.11","61.19","7.46"
"6895","79.50","0.00","41.11","66.12","7.51"
"6775","77.71","0.00","41.11","69.94","7.56"
"6591","76.17","0.00","41.11","73.75","7.61"
"6460","74.63","0.00","40.69","78.12","7.66"
"6381","73.17","0.00","39.18","81.93","7.70"
"6163","71.35","0.00","36.13","87.42","7.76"
"6049","70.01","0.00","32.98","91.23","7.81"
"5976","68.56","0.00","29.65","95.60","7.86"
"5851","67.19","0.00","25.77","98.91","7.91"
"5770","66.07","0.00","20.59","102.16","7.96"
"5706","65.08","0.00","14.56","104.90","8.01"
"5649","64.15","3.04","8.54","107.09","8.06"
"5610","63.53","6.86","4.61","108.16","8.10"
"5579","63.02","9.70","2.30","109.27","8.16"
"5546","62.56","12.84","0.99","110.34","8.20"
"5527","62.20","17.35","0.34","110.90","8.25"
"5517","61.92","22.25","0.02","111.46","8.30"
"5506","61.69","26.76","0.00","111.97","8.36"
"5493","61.53","29.50","0.00","112.53","8.41"
"5478","61.39","31.27","0.00","112.53","8.45"
"5479","61.25","33.63","0.00","113.09","8.50"
"5487","61.14","37.45","0.00","113.09","8.56"
"5490","61.06","41.86","0.00","113.09","8.61"
"5543","61.11","46.95","0.00","113.09","8.66"
"5642","61.26","51.37","0.00","113.09","8.70"
"5679","61.64","56.35","0.00","113.09","8.75"
"5813","62.30","62.70","0.00","113.09","8.81"
"5884","63.00","65.72","0.00","113.09","8.85"
"5886","63.81","66.89","0.00","113.09","8.90"
"6041","64.66","68.94","0.00","112.81","8.96"
"6114","65.48","69.72","0.00","111.97","9.00"
"6086","66.35","69.83","0.00","110.90","9.05"
"6223","67.18","69.83","0.00","108.44","9.11"
"6395","67.89","69.92","0.00","105.18","9.16"
"6394","68.83","70.41","0.00","100.53","9.20"
"6397","69.84","71.19","0.00","95.60","9.25"
"6649","70.63","72.07","0.00","89.61","9.31"
"6774","71.45","73.05","0.00","84.96","9.36"
"6815","72.48","73.64","0.00","81.42","9.41"
"6883","73.39","73.83","0.00","78.12","9.45"
"7019","74.17","73.83","0.00","75.14","9.50"
"7116","75.10","73.92","0.00","72.12","9.55"
"7095","76.14","73.92","0.00","69.38","9.60"
"7179","77.05","74.41","0.00","66.40","9.65"
"7412","77.80","75.78","0.00","62.82","9.70"
"7447","78.58","78.22","0.00","57.66","9.76"
"7519","79.25","79.00","0.00","54.08","9.80"
"7635","80.19","79.98","0.00","49.71","9.85"
"7674","81.13","82.22","0.00","45.34","9.90"
"7794","82.17","83.20","0.00","42.36","9.95"
"7872","83.23","83.50","0.00","39.90","10.00"
"7879","84.06","84.57","0.00","37.43","10.05"
"8085","84.91","87.01","0.00","35.53","10.10"
"8176","85.99","88.67","0.00","33.90","10.16"
"8227","87.27","90.13","0.00","32.78","10.20"
"8362","88.48","93.06","0.00","31.16","10.26"
"8560","89.66","97.37","0.00","28.69","10.31"
"8691","90.97","100.00","0.00","24.60","10.36"
"8770","92.36","100.00","0.00","21.34","10.41"
"8848","93.75","100.00","0.00","18.60","10.46"
"8978","95.05","100.00","0.00","17.76","10.51"
"8497","95.96","100.00","0.00","18.04","10.55"
"8181","95.81","100.00","0.00","18.60","10.60"
"7149","96.06","100.00","0.00","18.60","10.65"
"6559","97.10","100.00","0.00","19.16","10.70"
"6566","98.39","100.00","0.00","19.16","10.75"
"6644","99.62","100.00","0.00","19.67","10.81"
"6784","100.84","100.00","0.00","19.67","10.86"
"6876","101.81","100.00","0.00","19.67","10.90"
"6919","103.07","100.00","0.00","19.16","10.95"
"6980","104.31","100.00","0.00","17.76","11.00"
"7047","105.54","100.00","0.00","16.14","11.06"
"7143","106.72","100.00","0.00","15.30","11.10"
"7225","107.93","100.00","0.00","15.07","11.16"
"7294","109.22","100.00","0.00","14.79","11.21"
"7376","110.34","100.00","0.00","14.51","11.26"
"7449","111.31","100.00","0.00","13.67","11.30"
"7491","112.55","100.00","0.00","12.32","11.35"
"7590","113.73","100.00","0.00","11.21","11.40"
"7787","114.75","100.00","0.00","10.14","11.45"
"7794","115.96","100.00","0.00","8.51","11.50"
"7764","117.35","100.00","0.00","7.39","11.56"
"7907","118.45","100.00","0.00","7.67","11.61"
"8234","119.10","100.00","0.00","8.51","11.65"
"8123","120.36","100.00","0.00","8.23","11.70"
"8024","121.79","100.00","0.00","7.11","11.75"
"8178","122.93","100.00","0.00","5.77","11.81"
"8514","123.80","100.00","0.00","5.49","11.86"
"8359","125.07","100.00","0.00","6.32","11.91"
"8407","126.06","100.00","0.00","7.39","11.95"
"8441","127.21","100.00","0.00","7.67","12.00"
"8595","128.12","100.00","0.00","7.11","12.06"
"8581","129.35","100.00","0.00","5.77","12.10"
"8668","130.46","100.00","0.00","3.86","12.16"
"8849","131.21","100.00","0.00","3.02","12.20"
"8756","132.21","100.00","0.00","2.74","12.25"
"7695","132.11","100.00","0.00","1.40","12.31"
"7207","133.63","100.00","0.00","-0.28","12.36"
"7201","134.50","100.00","0.00","0.00","12.40"
"7220","135.60","100.00","0.00","0.84","12.45"
"7283","136.57","100.00","0.00","1.12","12.51"
"7380","137.54","100.00","0.00","1.12","12.56"
"7387","138.38","100.00","0.00","1.12","12.60"
"7421","139.44","100.00","0.00","1.12","12.66"
"7482","140.40","100.00","0.00","1.12","12.71"
"7525","141.25","100.00","0.00","1.12","12.75"
"7571","142.22","100.00","0.00","0.28","12.81"
"7653","143.21","100.00","0.00","0.28","12.86"
"7708","144.22","100.00","0.00","0.56","12.91"
"7739","145.01","100.00","0.00","1.40","12.95"
"7775","146.05","100.00","0.00","1.40","13.01"
"7850","147.04","100.00","0.00","0.84","13.06"
"7898","147.82","100.00","0.00","0.56","13.10"
"7923","148.86","100.00","0.00","0.56","13.16"
"7979","149.88","100.00","0.00","0.56","13.21"
"8032","150.64","100.00","0.00","0.84","13.25"
"8097","151.63","100.00","0.00","1.40","13.31"
"8125","152.47","100.00","0.00","2.19","13.35"
"8176","153.41","100.00","0.00","2.19","13.41"
"8207","154.41","100.00","0.00","2.19","13.46"
"8251","155.25","100.00","0.00","2.19","13.50"
"8327","156.19","100.00","0.00","2.19","13.56"
"8370","157.14","100.00","0.00","2.19","13.61"
"8387","157.91","100.00","0.00","2.19","13.65"
"8473","158.82","100.00","0.00","1.95","13.71"
"8492","159.75","100.00","0.00","1.95","13.76"
"8519","160.55","100.00","0.00","1.95","13.81"
"8580","161.40","100.00","0.00","1.95","13.86"
"8632","162.13","100.00","0.00","1.95","13.90"
"8658","163.05","100.00","0.00","1.95","13.95"
"8713","163.93","100.00","0.00","2.19","14.01"
"8717","164.62","100.00","0.00","3.30","14.05"
"8246","164.60","100.00","0.00","3.86","14.11"
"7261","165.48","100.00","0.00","3.86","14.15"
"7266","166.35","100.00","0.00","3.86","14.20"
"7307","167.16","100.00","0.00","3.86","14.26"
"7398","167.75","100.00","0.00","3.86","14.31"
"7370","168.61","100.00","0.00","3.86","14.36"
"7397","169.38","100.00","0.00","3.86","14.41"
"7461","170.00","100.00","0.00","3.86","14.45"
"7457","170.81","100.00","0.00","3.86","14.51"
"7488","171.61","100.00","0.00","3.86","14.56"
"7527","172.19","100.00","0.00","4.14","14.60"
"7618","172.91","100.00","0.00","4.14","14.66"
"7568","173.63","100.00","0.00","4.65","14.70"
"7666","174.37","100.00","0.00","5.21","14.76"
"7712","175.10","100.00","0.00","5.21","14.81"
"7686","175.75","100.00","0.00","4.93","14.85"
"7696","176.55","100.00","0.00","3.86","14.91"
"7742","177.31","100.00","0.00","3.58","14.96"
"7822","177.90","100.00","0.00","3.30","15.00"
"7864","178.64","100.00","0.00","3.58","15.06"
"7848","179.28","100.00","0.00","3.58","15.10"
"7864","180.07","100.00","0.00","3.58","15.16"
"7891","180.70","100.00","0.00","3.58","15.20"
"7945","181.49","100.00","0.00","3.58","15.26"
"7978","182.25","100.00","0.00","4.14","15.31"
"7996","182.88","100.00","0.00","4.65","15.36"
"8012","183.53","100.00","0.00","4.65","15.40"
"8040","184.28","100.00","0.00","5.21","15.45"
"8086","184.89","100.00","0.00","5.21","15.50"
"8137","185.65","100.00","0.00","5.21","15.56"
"8145","186.40","100.00","0.00","5.21","15.61"
"8168","187.01","100.00","0.00","4.65","15.66"
"8223","187.73","100.00","0.00","3.86","15.71"
"8277","188.29","100.00","0.00","3.58","15.75"
"8256","189.06","100.00","0.00","2.74","15.81"
"8267","189.63","100.00","0.00","2.46","15.85"
"8294","190.41","100.00","0.00","1.67","15.91"
"8343","190.94","100.00","0.00","1.67","15.95"
"8397","191.63","100.00","0.00","1.67","16.01"
"8396","192.23","100.00","0.00","1.95","16.05"
"8409","192.93","100.00","0.00","1.95","16.11"
"8430","193.51","100.00","0.00","2.19","16.15"
"8479","194.16","100.00","0.00","2.46","16.20"
"8516","194.81","100.00","0.00","2.46","16.26"
"8533","195.32","100.00","0.00","2.46","16.30"
"8545","196.01","100.00","0.00","2.74","16.36"
"8567","196.53","100.00","0.00","3.30","16.40"
"8626","197.17","100.00","0.00","3.86","16.46"
"8624","197.82","100.00","0.00","3.86","16.51"
"8636","198.32","100.00","0.00","4.37","16.56"
"8702","198.94","100.00","0.00","4.37","16.61"
"8700","199.44","100.00","0.00","4.37","16.65"
"8722","200.06","100.00","0.00","4.93","16.71"
"8754","200.55","100.00","0.00","4.93","16.75"
"8782","201.14","100.00","0.00","4.93","16.81"
"8797","201.74","100.00","0.00","4.93","16.86"
"8802","202.25","100.00","0.00","4.93","16.91"
"8702","202.71","100.00","0.00","5.49","16.96"
"8328","202.51","100.00","0.00","6.05","17.00"
"7521","203.18","100.00","0.00","6.56","17.06"
"7498","203.67","100.00","0.00","6.56","17.10"
"7555","204.22","100.00","0.00","6.32","17.16"
"7587","204.60","100.00","0.00","6.32","17.20"
"7575","205.18","100.00","0.00","6.32","17.26"
"7579","205.63","100.00","0.00","6.05","17.31"
"7597","206.15","100.00","0.00","5.49","17.36"
"7635","206.56","100.00","0.00","4.93","17.40"
"7648","207.12","100.00","0.00","4.93","17.46"
"7653","207.54","100.00","0.00","4.65","17.50"
"7675","208.09","100.00","0.00","4.65","17.56"
"7703","208.51","100.00","0.00","4.14","17.60"
"7716","209.04","100.00","0.00","3.86","17.66"
"7722","209.48","100.00","0.00","3.58","17.70"
"7750","210.03","100.00","0.00","3.30","17.76"
"7764","210.46","100.00","0.00","3.02","17.81"
"7785","210.98","100.00","0.00","2.74","17.86"
"7794","211.43","100.00","0.00","2.74","17.91"
"7830","211.96","100.00","0.00","2.74","17.96"
"7840","212.37","100.00","0.00","2.74","18.00"
"7854","212.93","100.00","0.00","2.46","18.06"
"7864","213.34","100.00","0.00","2.46","18.10"
"7899","213.88","100.00","0.00","2.46","18.16"
"7913","214.31","100.00","0.00","2.19","18.20"
"7924","214.87","100.00","0.00","1.95","18.26"
"7936","215.30","100.00","0.00","1.67","18.31"
"7950","215.74","100.00","0.00","1.40","18.35"
"7984","216.25","100.00","0.00","0.84","18.41"
"8005","216.76","100.00","0.00","0.84","18.46"
"8006","217.20","100.00","0.00","0.84","18.50"
"8022","217.76","100.00","0.00","0.84","18.56"
"8048","218.18","100.00","0.00","0.84","18.60"
"8068","218.59","100.00","0.00","0.84","18.65"
"8073","219.12","100.00","0.00","0.84","18.70"
"8098","219.65","100.00","0.00","0.56","18.76"
"8115","220.04","100.00","0.00","0.28","18.81"
"8147","220.53","100.00","0.00","-0.56","18.86"
"8150","220.95","100.00","0.00","-1.39","18.90"
"8159","221.48","100.00","0.00","-2.19","18.96"
"8180","221.88","100.00","0.00","-1.63","19.00"
"8191","222.38","100.00","0.00","-0.56","19.06"
"8210","222.79","100.00","0.00","-0.28","19.10"
"8241","223.28","100.00","0.00","-0.28","19.16"
"8255","223.78","100.00","0.00","-0.28","19.21"
"8253","224.17","100.00","0.00","-0.28","19.25"
"8276","224.66","100.00","0.00","0.28","19.31"
"8309","225.04","100.00","0.00","0.28","19.35"
"8317","225.52","100.00","0.00","0.28","19.41"
"8322","226.01","100.00","0.00","0.28","19.46"
"8338","226.38","100.00","0.00","0.00","19.50"
"8361","226.82","100.00","0.00","0.00","19.56"
"8373","227.22","100.00","0.00","0.00","19.60"
"8393","227.68","100.00","0.00","0.28","19.66"
"8406","228.13","100.00","0.00","0.00","19.71"
"8421","228.48","100.00","0.00","-0.56","19.75"
"8423","228.93","100.00","0.00","-2.19","19.81"
"8436","229.31","100.00","0.00","-2.19","19.85"
"8465","229.74","100.00","0.00","-0.56","19.91"
"8488","230.16","100.00","0.00","0.84","19.96"
"8488","230.53","100.00","0.00","1.95","20.00"
"8498","230.97","100.00","0.00","1.67","20.06"
"8516","231.32","100.00","0.00","0.28","20.10"
"8540","231.73","100.00","0.00","-0.28","20.16"
"8546","232.14","100.00","0.00","0.00","20.21"
"8551","232.48","100.00","0.00","0.84","20.25"
"8574","232.89","100.00","0.00","0.56","20.31"
"8596","233.22","100.00","0.00","-0.28","20.35"
"8608","233.63","100.00","0.00","0.00","20.41"
"8606","234.04","100.00","0.00","0.28","20.46"
"8614","234.36","100.00","0.00","0.84","20.50"
"8645","234.76","100.00","0.00","-0.28","20.56"
"8662","235.06","100.00","0.00","-0.28","20.60"
"8671","235.44","100.00","0.00","-0.56","20.66"
"8678","235.84","100.00","0.00","-0.28","20.71"
"8689","236.16","100.00","0.00","-0.28","20.75"
"8703","236.54","100.00","0.00","-0.28","20.81"
"8720","236.85","100.00","0.00","-0.56","20.85"
"8727","237.22","100.00","0.00","-1.12","20.91"
"8740","237.59","100.00","0.00","-2.19","20.96"
"8749","237.88","100.00","0.00","-3.30","21.00"
"8767","238.26","100.00","0.00","-4.37","21.06"
"8791","238.53","100.00","0.00","-4.37","21.10"
"8366","238.35","100.00","0.00","-4.93","21.16"
"7452","238.65","100.00","0.00","-4.93","21.20"
"7463","238.95","100.00","0.00","-5.49","21.26"
"7462","239.22","100.00","0.00","-6.56","21.30"
"7472","239.51","100.00","0.00","-7.67","21.36"
"7486","239.76","100.00","0.00","-8.18","21.40"
"7503","240.04","100.00","0.00","-8.74","21.45"
"7516","240.28","100.00","0.00","-8.74","21.50"
"7516","240.57","100.00","0.00","-9.86","21.56"
"7519","240.85","100.00","0.00","-10.93","21.61"
"7523","241.07","100.00","0.00","-12.04","21.66"
"7547","241.31","100.00","0.00","-13.67","21.71"
"7548","241.51","100.00","0.00","-14.23","21.75"
"7545","241.70","100.00","0.00","-14.23","21.80"
"7553","241.91","100.00","0.00","-14.23","21.85"
"7563","242.11","100.00","0.00","-14.74","21.91"
"7571","242.26","100.00","0.00","-15.86","21.95"
"7571","242.43","100.00","0.00","-17.48","22.01"
"7571","242.55","100.00","0.00","-17.48","22.06"
"7585","242.69","100.00","0.00","-16.93","22.11"
"7593","242.80","100.00","0.00","-15.86","22.16"
"7588","242.93","100.00","0.00","-13.67","22.21"
"7587","243.00","100.00","0.00","-12.32","22.26"
"7582","243.09","100.00","0.00","-10.65","22.30"
"7594","243.17","100.00","0.00","-8.74","22.36"
"7590","243.24","100.00","0.00","-7.39","22.41"
"7584","243.42","100.00","0.00","-4.93","22.46"
"7598","243.56","100.00","0.00","-2.19","22.50"
"7627","243.51","100.00","0.00","1.40","22.55"
"7542","243.53","100.00","0.00","3.58","22.61"
"7645","243.66","100.00","0.00","7.39","22.65"
"7934","243.36","100.00","0.00","11.76","22.71"
"7622","243.85","100.00","0.00","16.14","22.75"
"7569","243.88","100.00","0.00","21.06","22.81"
"7607","243.69","100.00","0.00","23.25","22.85"
"7679","243.49","100.00","0.00","23.25","22.91"
"7639","243.48","100.00","0.00","23.25","22.95"
"7600","243.21","100.00","0.00","23.25","23.01"
"7563","242.99","100.00","0.00","23.25","23.05"
"7601","242.75","100.00","0.00","23.25","23.10"
"7572","242.59","100.00","0.00","22.69","23.16"
"7555","242.43","100.00","0.00","21.85","23.20"
"7543","242.32","100.00","0.00","21.34","23.26"
"7557","242.23","100.00","0.00","21.34","23.30"
"7562","242.10","100.00","0.00","21.62","23.36"
"7551","241.94","100.00","0.00","22.69","23.41"
"7544","241.74","100.00","0.00","24.88","23.45"
"7528","241.54","100.00","0.00","28.69","23.51"
"7551","241.31","100.00","0.00","31.99","23.56"
"7560","241.10","100.00","0.00","33.06","23.60"
"7538","240.77","100.00","0.00","33.06","23.66"
"7507","240.42","100.00","0.00","33.06","23.71"
"7494","240.07","100.00","0.00","33.06","23.76"
"7480","239.59","100.00","0.00","33.90","23.81"
"7452","239.26","100.00","0.00","34.46","23.86"
"7478","238.99","100.00","0.00","34.46","23.90"
"7493","238.68","100.00","0.00","34.46","23.95"
"7475","238.40","100.00","0.00","34.97","24.01"
"7457","238.05","100.00","0.00","34.97","24.06"
"7446","237.64","99.41","0.00","34.97","24.11"
"7457","237.36","95.22","0.00","34.97","24.15"
"9029","236.59","89.36","0.00","34.97","24.21"
"8589","235.62","85.94","0.00","34.97","24.26"
"8772","234.55","85.55","0.00","34.97","24.31"
"8601","233.76","85.55","0.00","34.97","24.35"
"8600","233.31","85.55","0.00","34.97","24.40"
"8633","232.94","85.25","0.00","34.97","24.45"
"8613","232.57","84.67","0.00","34.97","24.51"
"8572","232.25","84.08","0.00","35.53","24.56"
"8562","231.95","83.98","0.00","35.53","24.61"
"8599","231.70","83.98","0.00","35.53","24.66"
"8631","231.48","91.50","0.00","36.08","24.71"
"8588","231.37","99.41","0.00","36.08","24.76"
"8553","231.32","100.00","0.00","36.08","24.80"
"8544","231.23","100.00","0.00","36.08","24.85"
"8551","231.10","100.00","0.00","36.08","24.90"
"8553","230.99","100.00","0.00","36.08","24.95"
"8577","230.93","100.00","0.00","36.08","25.01"
"8684","230.85","100.00","0.00","37.15","25.06"
"8743","230.78","100.00","0.00","37.99","25.10"
"8650","230.92","100.00","0.00","38.55","25.16"
"8784","230.86","100.00","0.00","36.92","25.20"
"8836","230.82","100.00","0.00","34.46","25.26"
"8641","231.04","100.00","0.00","27.06","25.31"
"8565","231.13","100.00","0.00","14.23","25.36"
"8560","231.22","100.00","0.00","0.00","25.41"
"8601","231.26","100.00","0.00","-5.49","25.46"
"8511","231.43","100.00","0.00","-4.93","25.51"
"8500","231.54","100.00","0.00","-4.37","25.55"
"8520","231.67","100.00","0.00","-4.37","25.60"
"8566","231.82","100.00","0.00","-3.81","25.66"
"8626","231.77","100.00","0.00","-3.30","25.71"
"8557","231.93","100.00","0.00","-4.37","25.76"
"8565","232.06","100.00","0.00","-10.37","25.80"
"8572","232.20","100.00","0.00","-19.67","25.85"
"8850","232.13","100.00","0.00","-27.62","25.91"
"8745","232.01","100.00","0.00","-28.97","25.96"
"8579","231.86","100.00","0.00","-30.09","26.01"
"8532","231.91","100.00","0.00","-30.09","26.06"
"8537","231.91","100.00","0.00","-30.32","26.10"
"8694","231.92","100.00","0.00","-32.50","26.16"
"8953","231.78","100.00","0.00","-36.36","26.21"
"8542","231.63","100.00","0.00","-37.43","26.26"
"8560","231.32","100.00","0.00","-37.20","26.31"
"8543","231.26","100.00","0.00","-36.87","26.35"
"8552","231.26","100.00","0.00","-37.20","26.41"
"8595","231.18","100.00","0.00","-37.20","26.45"
"8583","231.15","100.00","0.00","-37.20","26.51"
"8550","231.13","100.00","0.00","-35.53","26.56"
"8536","231.13","100.00","0.00","-33.06","26.60"
"8582","231.09","100.00","0.00","-29.25","26.66"
"8566","231.12","100.00","0.00","-26.50","26.70"
"8560","231.17","100.00","0.00","-24.60","26.76"
"8548","231.19","100.00","0.00","-24.32","26.80"
"8544","231.22","100.00","0.00","-24.32","26.85"
"8555","231.25","100.00","0.00","-23.53","26.90"
"8555","231.31","100.00","0.00","-19.95","26.96"
"8552","231.38","100.00","0.00","-15.30","27.01"
"8557","231.44","100.00","0.00","-12.55","27.06"
"8551","231.54","100.00","0.00","-10.65","27.11"
"8550","231.63","100.00","0.00","-9.30","27.16"
"8562","231.77","100.00","0.00","-7.39","27.21"
"8574","231.90","100.00","0.00","-5.77","27.26"
"8589","232.07","100.00","0.00","-3.81","27.31"
"8566","232.26","100.00","0.00","-3.02","27.35"
"8560","232.49","100.00","0.00","-1.91","27.41"
"8555","232.69","100.00","0.00","-1.39","27.45"
"8574","232.92","100.00","0.00","-0.56","27.51"
"8588","233.12","100.00","0.00","-0.56","27.55"
"8591","233.37","100.00","0.00","-0.28","27.60"
"8591","233.59","100.00","0.00","-0.56","27.65"
"8611","233.83","100.00","0.00","-1.12","27.70"
"8624","234.07","100.00","0.00","-1.91","27.76"
"8625","234.28","100.00","0.00","-1.12","27.81"
"8627","234.53","100.00","0.00","0.84","27.86"
"8648","234.70","100.00","0.00","2.46","27.90"
"8645","234.94","100.00","0.00","3.58","27.96"
"8645","235.14","100.00","0.00","3.58","28.00"
"8662","235.37","100.00","0.00","2.74","28.06"
"8677","235.54","100.00","0.00","0.84","28.10"
"8681","235.78","100.00","0.00","0.00","28.16"
"8699","236.00","100.00","0.00","-0.56","28.21"
"8692","236.19","100.00","0.00","-1.12","28.26"
"8693","236.38","100.00","0.00","-1.12","28.30"
"8709","236.61","100.00","0.00","-0.84","28.36"
"8717","236.81","100.00","0.00","-0.28","28.41"
"8727","236.98","100.00","0.00","0.28","28.45"
"8726","237.21","100.00","0.00","1.67","28.51"
"8734","237.41","100.00","0.00","1.67","28.56"
"8746","237.58","100.00","0.00","1.12","28.60"
"8777","237.78","100.00","0.00","1.40","28.66"
"8765","237.98","100.00","0.00","1.12","28.71"
"8761","238.17","100.00","0.00","1.12","28.75"
"8766","238.41","100.00","0.00","1.12","28.81"
"8786","238.57","100.00","0.00","1.67","28.86"
"8791","238.75","100.00","0.00","1.67","28.91"
"8791","238.93","100.00","0.00","2.19","28.95"
"8793","239.12","100.00","0.00","2.19","29.00"
"8808","239.34","100.00","0.00","2.19","29.06"
"8822","239.51","100.00","0.00","2.74","29.11"
"8668","239.55","100.00","0.00","3.30","29.16"
"8295","239.14","100.00","0.00","3.30","29.20"
"7479","239.50","100.00","0.00","3.30","29.26"
"7479","239.65","100.00","0.00","3.30","29.31"
"7480","239.80","100.00","0.00","3.30","29.36"
"7484","239.94","100.00","0.00","3.30","29.41"
"7494","240.07","100.00","0.00","3.30","29.45"
"7505","240.24","100.00","0.00","3.30","29.51"
"7508","240.38","100.00","0.00","3.30","29.56"
"7507","240.53","100.00","0.00","3.30","29.61"
"7512","240.67","100.00","0.00","3.30","29.66"
"7516","240.81","100.00","0.00","3.30","29.70"
"7518","240.95","100.00","0.00","3.30","29.75"
"7524","241.13","100.00","0.00","3.30","29.81"
"7532","241.27","100.00","0.00","3.30","29.86"
"7535","241.42","100.00","0.00","3.86","29.91"
"7537","241.57","100.00","0.00","4.37","29.95"
"7550","241.70","100.00","0.00","4.93","30.00"
"7549","241.84","100.00","0.00","4.93","30.05"
"7548","242.01","100.00","0.00","4.93","30.11"
"7553","242.15","100.00","0.00","4.93","30.16"
"7566","242.28","100.00","0.00","5.49","30.21"
"7580","242.40","100.00","0.00","5.49","30.26"
"7565","242.54","100.00","0.00","6.56","30.30"
"7558","242.69","100.00","0.00","6.56","30.36"
"7574","242.81","100.00","0.00","6.56","30.41"
"7602","242.90","100.00","0.00","6.56","30.45"
"7591","243.03","100.00","0.00","6.56","30.51"
"7582","243.14","100.00","0.00","6.56","30.55"
"7579","243.27","100.00","0.00","6.32","30.60"
"7601","243.39","100.00","0.00","6.32","30.66"
"7614","243.49","100.00","0.00","6.32","30.71"
"7603","243.62","100.00","0.00","6.32","30.76"
"7600","243.73","100.00","0.00","6.32","30.81"
"7600","243.83","100.00","0.00","6.32","30.85"
"7610","243.93","100.00","0.00","6.32","30.90"
"7617","244.04","100.00","0.00","6.32","30.95"
"7621","244.17","100.00","0.00","6.32","31.01"
"7628","244.28","100.00","0.00","6.32","31.06"
"7627","244.38","100.00","0.00","6.32","31.11"
"7627","244.49","100.00","0.00","6.32","31.16"
"7626","244.59","100.00","0.00","6.32","31.21"
"7628","244.69","100.00","0.00","6.05","31.26"
"7638","244.79","100.00","0.00","6.05","31.31"
"7647","244.88","100.00","0.00","6.05","31.36"
"7643","244.98","100.00","0.00","6.05","31.41"
"7645","245.08","100.00","0.00","6.05","31.46"
"7656","245.17","100.00","0.00","5.77","31.51"
"7660","245.27","100.00","0.00","4.93","31.56"
"7657","245.36","100.00","0.00","3.86","31.61"
"7652","245.49","100.00","0.00","2.74","31.66"
"7673","245.58","100.00","0.00","1.12","31.71"
"7675","245.69","100.00","0.00","0.28","31.76"
"7668","245.82","100.00","0.00","0.00","31.81"
"7669","245.94","100.00","0.00","0.00","31.85"
"7686","246.07","100.00","0.00","0.84","31.91"
"7688","246.20","100.00","0.00","0.84","31.95"
"7686","246.34","100.00","0.00","1.95","32.01"
"7686","246.47","100.00","0.00","2.46","32.05"
"7700","246.62","100.00","0.00","2.46","32.11"
"7700","246.75","100.00","0.00","2.46","32.16"
"7708","246.88","100.00","0.00","2.46","32.21"
"7707","247.01","100.00","0.00","2.46","32.26"
"7708","247.14","100.00","0.00","1.95","32.31"
"7716","247.27","100.00","0.00","1.67","32.35"
"7721","247.42","100.00","0.00","1.40","32.41"
"7720","247.55","100.00","0.00","0.84","32.46"
"7728","247.68","100.00","0.00","0.56","32.51"
"7741","247.79","100.00","0.00","0.56","32.55"
"7735","247.94","100.00","0.00","0.56","32.61"
"7729","248.07","100.00","0.00","0.28","32.65"
"7741","248.22","100.00","0.00","0.00","32.71"
"7756","248.32","100.00","0.00","0.28","32.75"
"7754","248.47","100.00","0.00","1.40","32.81"
"7752","248.62","100.00","0.00","1.95","32.86"
"7756","248.74","100.00","0.00","1.40","32.91"
"7764","248.85","100.00","0.00","0.00","32.95"
"7764","248.99","100.00","0.00","-0.28","33.01"
"7767","249.11","100.00","0.00","0.00","33.05"
"7775","249.24","100.00","0.00","0.00","33.10"
"7778","249.38","100.00","0.00","0.00","33.16"
"7780","249.49","100.00","0.00","-0.28","33.20"
"7791","249.63","100.00","0.00","0.00","33.26"
"7793","249.74","100.00","0.00","1.40","33.30"
"7797","249.88","100.00","0.00","3.02","33.36"
"7796","249.99","100.00","0.00","2.74","33.40"
"7798","250.13","100.00","0.00","1.67","33.46"
"7804","250.23","100.00","0.00","0.56","33.50"
"7811","250.37","100.00","0.00","-0.28","33.56"
"7818","250.50","100.00","0.00","-0.28","33.61"
"7821","250.60","100.00","0.00","-0.28","33.66"
"7817","250.72","100.00","0.00","-0.56","33.70"
"7821","250.86","100.00","0.00","-0.56","33.76"
"7832","250.95","100.00","0.00","-0.84","33.80"
"7831","251.09","100.00","0.00","0.28","33.85"
"7830","251.23","100.00","0.00","0.28","33.91"
"7838","251.33","100.00","0.00","0.28","33.95"
"7846","251.45","100.00","0.00","0.00","34.01"
"7849","251.56","100.00","0.00","-0.28","34.05"
"7849","251.69","100.00","0.00","0.28","34.11"
"7850","251.82","100.00","0.00","0.00","34.16"
"7856","251.93","100.00","0.00","-0.56","34.20"
"7869","252.04","100.00","0.00","-1.39","34.26"
"7865","252.14","100.00","0.00","-1.39","34.30"
"7865","252.28","100.00","0.00","-1.39","34.35"
"7871","252.38","100.00","0.00","-0.56","34.40"
"7879","252.51","100.00","0.00","0.00","34.45"
"7879","252.63","100.00","0.00","0.28","34.51"
"7879","252.73","100.00","0.00","0.28","34.55"
"7887","252.86","100.00","0.00","0.28","34.60"
"7910","252.97","100.00","0.00","0.00","34.66"
"7899","253.07","100.00","0.00","-1.12","34.70"
"7894","253.21","100.00","0.00","-2.19","34.76"
"7901","253.32","100.00","0.00","-1.63","34.80"
"7902","253.44","100.00","0.00","0.28","34.86"
"7900","253.56","100.00","0.00","3.58","34.91"
"7910","253.66","100.00","0.00","3.58","34.95"
"7923","253.76","100.00","0.00","1.67","35.01"
"7923","253.87","100.00","0.00","-0.28","35.05"
"7920","254.00","100.00","0.00","-2.19","35.10"
"7925","254.10","100.00","0.00","-2.19","35.15"
"7923","254.23","100.00","0.00","-1.91","35.20"
"7935","254.34","100.00","0.00","-0.56","35.26"
"7940","254.44","100.00","0.00","0.84","35.31"
"7945","254.56","100.00","0.00","1.95","35.36"
"7936","254.69","100.00","0.00","1.95","35.41"
"7938","254.79","100.00","0.00","1.67","35.45"
"7953","254.89","100.00","0.00","0.84","35.51"
"7962","254.98","100.00","0.00","0.28","35.55"
"7949","255.11","100.00","0.00","-1.12","35.61"
"7939","255.24","100.00","0.00","-0.56","35.66"
"7970","255.30","100.00","0.00","-0.28","35.70"
"7989","255.39","100.00","0.00","-0.28","35.76"
"7962","255.51","100.00","0.00","0.00","35.80"
"7959","255.64","100.00","0.00","1.40","35.85"
"7986","255.74","100.00","0.00","2.46","35.91"
"8000","255.82","100.00","0.00","1.40","35.95"
"7983","255.95","100.00","0.00","-0.28","36.01"
"7979","256.05","100.00","0.00","-2.19","36.05"
"7982","256.16","100.00","0.00","-2.74","36.10"
"7990","256.27","100.00","0.00","-1.91","36.16"
"7996","256.36","100.00","0.00","-1.39","36.20"
"8001","256.47","100.00","0.00","-0.28","36.26"
"8008","256.55","100.00","0.00","0.00","36.30"
"8001","256.67","100.00","0.00","0.00","36.36"
"8001","256.76","100.00","0.00","0.28","36.40"
"8015","256.88","100.00","0.00","0.84","36.46"
"8021","256.95","100.00","0.00","1.40","36.51"
"8014","257.07","100.00","0.00","0.56","36.56"
"8015","257.17","100.00","0.00","-0.28","36.60"
"8029","257.27","100.00","0.00","-2.19","36.66"
"8027","257.37","100.00","0.00","-2.19","36.70"
"8028","257.48","100.00","0.00","-1.39","36.76"
"8034","257.56","100.00","0.00","-0.56","36.81"
"8035","257.67","100.00","0.00","0.00","36.86"
"8034","257.76","100.00","0.00","0.00","36.91"
"8036","257.85","100.00","0.00","0.00","36.95"
"8045","257.95","100.00","0.00","0.00","37.01"
"8048","258.06","100.00","0.00","-0.28","37.06"
"8048","258.14","100.00","0.00","-0.56","37.11"
"8053","258.24","100.00","0.00","-1.12","37.15"
"8059","258.33","100.00","0.00","-1.12","37.20"
"8058","258.42","100.00","0.00","-0.84","37.25"
"8060","258.53","100.00","0.00","-0.28","37.31"
"8062","258.62","100.00","0.00","0.00","37.35"
"8071","258.71","100.00","0.00","0.00","37.41"
"8073","258.80","100.00","0.00","0.00","37.45"
"8069","258.91","100.00","0.00","0.00","37.51"
"8078","258.99","100.00","0.00","0.00","37.56"
"8081","259.09","100.00","0.00","0.00","37.61"
"8080","259.18","100.00","0.00","0.28","37.65"
"8087","259.28","100.00","0.00","0.28","37.71"
"8087","259.37","100.00","0.00","0.28","37.75"
"8087","259.48","100.00","0.00","-0.28","37.81"
"8089","259.56","100.00","0.00","0.00","37.85"
"8096","259.65","100.00","0.00","1.12","37.91"
"8098","259.74","100.00","0.00","1.12","37.95"
"8100","259.85","100.00","0.00","1.12","38.01"
"8105","259.93","100.00","0.00","1.12","38.06"
"8109","260.02","100.00","0.00","1.12","38.11"
"8107","260.11","100.00","0.00","1.12","38.16"
"8109","260.21","100.00","0.00","0.28","38.21"
"8114","260.28","100.00","0.00","-0.28","38.26"
"8120","260.37","100.00","0.00","-0.28","38.30"
"8123","260.46","100.00","0.00","0.00","38.35"
"8128","260.56","100.00","0.00","0.28","38.41"
"8125","260.63","100.00","0.00","0.28","38.45"
"8124","260.74","100.00","0.00","0.28","38.51"
"8129","260.82","100.00","0.00","0.00","38.55"
"8135","260.89","100.00","0.00","0.00","38.60"
"8139","260.99","100.00","0.00","0.00","38.66"
"8142","261.07","100.00","0.00","0.00","38.71"
"8140","261.15","100.00","0.00","0.00","38.76"
"8139","261.26","100.00","0.00","0.00","38.81"
"8147","261.33","100.00","0.00","0.00","38.85"
"8155","261.41","100.00","0.00","0.00","38.91"
"8151","261.49","100.00","0.00","0.00","38.95"
"8151","261.59","100.00","0.00","0.00","39.01"
"8157","261.65","100.00","0.00","0.00","39.06"
"8161","261.75","100.00","0.00","0.00","39.11"
"8165","261.81","100.00","0.00","0.28","39.15"
"8168","261.88","100.00","0.00","0.28","39.20"
"8168","261.98","100.00","0.00","0.28","39.25"
"8170","262.07","100.00","0.00","-0.28","39.31"
"8174","262.13","100.00","0.00","-0.28","39.36"
"8173","262.23","100.00","0.00","0.00","39.41"
"8174","262.30","100.00","0.00","0.28","39.45"
"8178","262.38","100.00","0.00","0.28","39.51"
"8182","262.45","100.00","0.00","0.28","39.56"
"8185","262.53","100.00","0.00","0.00","39.61"
"8185","262.61","100.00","0.00","0.28","39.66"
"8188","262.69","100.00","0.00","0.28","39.71"
"8196","262.76","100.00","0.00","-0.28","39.75"
"8199","262.82","100.00","0.00","0.00","39.80"
"8192","262.91","100.00","0.00","0.00","39.86"
"8195","262.98","100.00","0.00","0.28","39.90"
"8197","263.07","99.12","0.16","0.28","39.96"
"8148","262.98","58.20","12.79","0.56","40.00"
"7929","261.16","0.00","100.00","0.00","40.06"
"7799","257.90","0.00","100.00","0.00","40.11"
"7681","253.93","0.00","100.00","0.28","40.16"
"7587","250.87","0.00","100.00","0.00","40.20"
"7469","247.08","48.00","100.00","0.00","40.26"
"8705","243.58","69.33","100.00","-0.84","40.31"
"8481","239.94","0.00","100.00","-0.84","40.36"
"8320","236.74","0.00","100.00","-0.84","40.41"
"8299","232.72","0.00","100.00","-1.12","40.46"
"8148","229.76","0.00","100.00","-1.12","40.50"
"7978","225.95","0.00","100.00","-0.84","40.56"
"7911","222.68","0.00","100.00","-0.28","40.60"
"7782","218.63","0.00","100.00","-0.28","40.66"
"7655","215.60","24.00","98.14","-0.28","40.70"
"8939","211.90","61.33","95.61","-0.28","40.75"
"8603","208.12","0.00","91.54","0.00","40.81"
"8532","205.20","0.00","90.88","0.28","40.86"
"8464","201.59","0.00","90.66","0.28","40.91"
"8321","198.88","0.00","90.66","-0.28","40.95"
"8204","195.15","0.00","90.66","-0.28","41.01"
"8104","192.41","0.00","90.66","-0.28","41.05"
"7928","188.77","0.00","90.66","-0.28","41.11"
"7776","185.92","0.00","90.66","0.00","41.16"
"7634","182.33","0.00","90.66","-0.28","41.21"
"8150","179.72","80.00","90.66","-0.28","41.25"
"8788","176.09","0.00","90.66","0.00","41.31"
"8410","173.36","0.00","90.66","-0.28","41.36"
"8562","169.94","0.00","90.66","0.00","41.41"
"8356","167.03","0.00","90.66","0.28","41.45"
"8243","163.48","0.00","90.66","1.40","41.51"
"8147","160.66","0.00","90.66","0.56","41.55"
"7946","157.26","0.00","90.66","0.00","41.61"
"7815","154.36","0.00","89.78","0.00","41.65"
"7660","151.05","0.00","86.08","0.28","41.70"
"7501","147.85","0.00","79.78","0.84","41.76"
"7433","145.50","0.00","75.53","1.40","41.80"
"7406","142.69","72.00","71.42","2.46","41.86"
"8679","140.18","45.33","66.14","4.65","41.91"
"8394","138.35","0.00","62.52","5.77","41.95"
"8317","136.12","0.00","57.48","7.95","42.00"
"8469","133.60","0.00","52.20","10.14","42.06"
"8387","131.54","0.00","42.23","11.76","42.11"
"8317","130.16","0.00","36.00","12.88","42.15"
"8230","128.65","0.00","32.37","14.51","42.20"
"8146","127.15","0.00","29.53","16.14","42.26"
"8063","125.83","0.00","26.84","17.76","42.31"
"7994","124.81","0.00","24.82","18.88","42.35"
"7918","123.55","3.04","22.30","21.06","42.41"
"7859","122.44","5.10","20.21","22.69","42.45"
"7806","121.40","8.43","19.30","24.32","42.51"
"7736","120.36","12.55","17.63","25.44","42.56"
"7681","119.47","16.66","15.49","26.50","42.61"
"7646","118.79","20.20","13.95","27.62","42.66"
"7610","118.06","24.80","11.62","28.69","42.70"
"7576","117.39","28.63","9.12","29.25","42.75"
"7556","116.77","32.64","7.26","29.25","42.81"
"7532","116.36","35.59","5.82","29.25","42.85"
"7506","115.86","39.50","3.45","29.81","42.91"
"7508","115.59","41.95","2.10","29.81","42.95"
"7514","115.36","44.60","0.91","29.81","43.00"
"7532","115.23","46.86","0.31","30.36","43.06"
"7539","115.19","49.12","0.02","30.88","43.11"
"7554","115.22","50.49","0.00","30.88","43.16"
"7553","115.30","51.08","0.00","31.99","43.21"
"7560","115.37","51.17","0.00","32.55","43.25"
"7570","115.46","51.17","0.00","34.18","43.30"
"7565","115.58","51.17","0.00","36.36","43.35"
"7591","115.65","51.17","0.00","38.55","43.41"
"7587","115.74","50.39","0.00","40.73","43.45"
"7576","115.80","49.31","0.00","42.92","43.50"
"7576","115.81","48.52","0.00","45.10","43.56"
"7579","115.75","47.25","0.00","47.29","43.61"
"7557","115.69","46.76","0.00","49.48","43.66"
"7562","115.53","45.68","0.00","50.55","43.71"
"7555","115.36","45.59","0.00","50.55","43.76"
"7525","115.21","45.59","0.00","50.55","43.81"
"7540","115.03","45.88","0.00","50.55","43.85"
"7567","114.81","47.45","0.00","49.20","43.90"
"7543","114.71","49.12","0.00","46.73","43.95"
"7562","114.61","50.30","0.00","44.27","44.00"
"7583","114.55","51.56","0.00","42.64","44.06"
"7586","114.55","52.34","0.00","40.97","44.11"
"7600","114.54","52.93","0.00","39.90","44.15"
"7607","114.58","54.59","0.00","37.71","44.20"
"7625","114.69","57.72","0.00","35.53","44.25"
"7662","114.91","60.55","0.00","33.06","44.31"
"7696","115.18","62.89","0.00","31.16","44.36"
"7686","115.54","64.94","0.00","28.69","44.41"
"7707","115.85","66.50","0.00","26.78","44.45"
"7750","116.25","68.45","0.00","24.60","44.50"
"7788","116.73","70.12","0.00","22.13","44.56"
"7810","117.15","71.29","0.00","20.23","44.60"
"7852","117.66","72.75","0.00","17.48","44.65"
"7868","118.28","75.00","0.00","14.51","44.70"
"7915","118.89","77.83","0.00","11.49","44.76"
"7951","119.61","79.98","0.00","7.67","44.81"
"7994","120.19","81.64","0.00","3.86","44.85"
"8017","121.03","82.42","0.00","-3.30","44.91"
"8067","121.82","82.42","0.00","-13.11","44.96"
"8109","122.50","80.17","0.00","-22.41","45.00"
"8144","123.21","75.19","0.00","-30.60","45.06"
"8162","123.88","70.31","0.00","-36.08","45.11"
"8216","124.41","67.39","0.00","-39.39","45.16"
"8247","124.79","66.31","0.00","-40.45","45.20"
"8288","125.25","65.72","0.00","-41.01","45.26"
"8328","125.65","64.26","0.00","-41.57","45.31"
"8332","125.96","63.19","0.00","-41.57","45.36"
"8342","126.28","61.33","0.00","-42.64","45.41"
"8352","126.55","58.01","0.00","-44.83","45.46"
"8335","126.72","55.08","0.00","-47.01","45.50"
"8312","126.80","50.88","0.00","-49.20","45.56"
"8289","126.74","47.55","0.00","-50.82","45.61"
"8256","126.63","45.29","0.00","-51.38","45.65"
"8216","126.41","42.55","0.00","-52.50","45.70"
"8178","126.11","40.39","0.00","-53.57","45.75"
"8146","125.81","39.21","0.00","-54.68","45.80"
"8129","125.41","39.02","0.00","-55.75","45.85"
"8097","124.97","38.43","0.00","-56.31","45.91"
"8069","124.58","38.43","0.00","-56.87","45.95"
"8039","124.13","38.43","0.00","-56.87","46.00"
"8008","123.63","38.43","0.00","-56.87","46.06"
"7973","123.14","38.43","0.00","-56.87","46.11"
"7958","122.73","40.19","0.00","-56.87","46.15"
"7957","122.27","44.21","0.00","-56.87","46.20"
"7980","121.90","46.76","0.00","-56.87","46.26"
"7989","121.69","48.91","0.00","-56.87","46.30"
"8011","121.52","52.05","0.00","-56.87","46.36"
"8013","121.47","54.10","0.00","-56.87","46.41"
"8016","121.49","55.56","0.00","-56.87","46.45"
"8036","121.59","58.30","0.00","-56.87","46.50"
"8069","121.79","60.94","0.00","-56.87","46.56"
"8090","122.06","64.16","0.00","-56.87","46.61"
"8110","122.39","66.99","0.00","-56.87","46.66"
"8147","122.66","67.87","0.00","-56.87","46.70"
"8159","123.07","68.36","0.00","-56.87","46.75"
"8204","123.44","68.45","0.00","-56.87","46.80"
"8244","123.81","68.45","0.00","-56.87","46.86"
"8258","124.19","68.45","0.00","-56.87","46.91"
"8274","124.58","68.45","0.00","-56.87","46.96"
"8308","124.88","68.45","0.00","-56.87","47.00"
"8367","125.17","69.05","0.00","-56.87","47.05"
"8350","125.59","69.92","0.00","-56.87","47.10"
"8393","125.97","71.00","0.00","-56.87","47.16"
"8462","126.26","71.78","0.00","-55.75","47.21"
"8437","126.71","72.17","0.00","-54.40","47.26"
"8472","127.00","72.17","0.00","-53.01","47.30"
"8493","127.38","72.17","0.00","-50.82","47.35"
"8537","127.71","72.17","0.00","-48.36","47.40"
"8541","128.07","72.17","0.00","-45.94","47.45"
"8545","128.50","72.17","0.00","-43.20","47.50"
"8609","128.82","72.17","0.00","-40.18","47.56"
"8607","129.26","72.17","0.00","-37.20","47.61"
"8628","129.63","72.17","0.00","-34.69","47.66"
"8648","130.06","71.88","0.00","-31.43","47.71"
"8686","130.34","71.88","0.00","-28.97","47.75"
"8687","130.79","71.68","0.00","-25.71","47.81"
"8706","131.22","71.29","0.00","-22.41","47.86"
"8722","131.63","70.70","0.00","-18.88","47.91"
"8737","132.07","70.31","0.00","-15.02","47.96"
"8745","132.52","69.72","0.00","-10.37","48.01"
"8751","132.92","69.24","0.00","-5.21","48.05"
"8784","133.38","68.16","0.00","3.58","48.10"
"8806","133.86","65.92","0.00","16.97","48.15"
"8795","134.35","63.38","0.00","28.41","48.20"
"8817","134.78","59.38","0.00","36.60","48.26"
"8846","135.04","56.94","0.00","40.45","48.31"
"8855","135.19","55.66","0.00","41.52","48.35"
"8865","135.32","55.27","0.00","41.52","48.40"
"8885","135.40","55.27","0.00","41.52","48.45"
"8907","135.48","57.23","0.00","41.52","48.50"
"8473","135.19","58.30","0.00","40.97","48.56"
"7296","135.60","60.35","0.00","39.11","48.61"
"7245","135.82","63.67","0.00","37.71","48.65"
"7257","136.05","68.56","0.00","36.60","48.70"
"7290","136.29","69.53","0.00","36.60","48.75"
"7303","136.59","69.63","0.00","36.60","48.81"
"7307","136.87","69.63","0.00","36.92","48.86"
"7316","137.18","69.24","0.00","37.43","48.91"
"7321","137.49","68.75","0.00","37.43","48.96"
"7335","137.82","68.06","0.00","37.43","49.01"
"7360","138.12","67.48","0.00","37.99","49.06"
"7369","138.38","66.89","0.00","39.11","49.11"
"7367","138.70","65.82","0.00","40.73","49.16"
"7390","138.99","65.04","0.00","42.36","49.20"
"7406","139.26","64.16","0.00","43.43","49.26"
"7414","139.54","63.19","0.00","43.99","49.31"
"7436","139.79","62.89","0.00","45.10","49.36"
"7440","139.99","62.89","0.00","45.10","49.40"
"7462","140.22","62.60","0.00","45.10","49.45"
"7470","140.45","62.11","0.00","45.10","49.50"
"7481","140.65","61.52","0.00","45.62","49.56"
"7488","140.82","60.16","0.00","46.73","49.61"
"7475","140.99","58.01","0.00","48.36","49.66"
"7476","141.05","56.25","0.00","49.48","49.70"
"7463","141.10","54.20","0.00","51.10","49.75"
"7457","141.10","51.95","0.00","52.73","49.80"
"7436","141.03","49.99","0.00","53.85","49.86"
"7426","140.88","47.94","0.00","54.36","49.91"
"7399","140.72","46.56","0.00","54.36","49.95"
"7395","140.50","46.47","0.00","54.36","50.01"
"7378","140.29","47.06","0.00","54.36","50.06"
"7387","140.13","50.20","0.00","54.36","50.11"
"7416","140.04","53.62","0.00","54.36","50.16"
"7416","140.01","54.01","0.00","54.36","50.21"
"7420","139.99","54.88","0.00","54.36","50.26"
"7416","140.00","56.06","0.00","54.36","50.31"
"7428","140.01","58.11","0.00","54.36","50.35"
"7447","140.12","63.38","0.00","54.36","50.40"
"7480","140.31","69.44","0.00","54.36","50.45"
"7498","140.61","75.69","0.00","54.36","50.50"
"7564","140.96","86.43","0.00","54.92","50.56"
"7628","141.46","100.00","0.00","54.92","50.61"
"7648","142.07","100.00","0.00","54.92","50.66"
"7667","142.64","100.00","0.00","54.92","50.70"
"7698","143.26","100.00","0.00","54.92","50.76"
"7755","143.85","100.00","0.00","54.92","50.81"
"7817","144.44","100.00","0.00","54.92","50.86"
"7841","144.95","100.00","0.00","54.92","50.90"
"7864","145.57","100.00","0.00","54.92","50.95"
"7898","146.16","100.00","0.00","54.64","51.00"
"7944","146.72","100.00","0.00","52.73","51.06"
"7967","147.32","100.00","0.00","50.55","51.11"
"8001","147.91","100.00","0.00","48.36","51.16"
"8033","148.50","100.00","0.00","46.45","51.21"
"8071","149.09","100.00","0.00","44.55","51.26"
"8091","149.75","100.00","0.00","42.08","51.31"
"8121","150.21","100.00","0.00","39.90","51.35"
"8155","150.84","100.00","0.00","35.53","51.40"
"8199","151.41","100.00","0.00","31.16","51.45"
"8142","152.15","100.00","0.00","25.71","51.51"
"8181","152.85","100.00","0.00","21.34","51.56"
"8320","153.46","100.00","0.00","17.76","51.61"
"8381","153.97","100.00","0.00","15.07","51.65"
"8315","154.79","100.00","0.00","12.88","51.70"
"8363","155.58","100.00","0.00","10.70","51.75"
"8468","156.22","100.00","0.00","9.58","51.81"
"8454","157.02","100.00","0.00","9.30","51.86"
"8429","157.69","100.00","0.00","9.30","51.90"
"8455","158.46","100.00","0.00","8.51","51.95"
"8509","159.25","100.00","0.00","7.11","52.01"
"8551","160.01","100.00","0.00","5.77","52.06"
"8569","160.66","100.00","0.00","4.65","52.10"
"8601","161.49","100.00","0.00","3.86","52.16"
"8671","162.29","100.00","0.00","3.86","52.21"
"8708","162.91","100.00","0.00","3.86","52.25"
"8707","163.76","100.00","0.00","3.58","52.31"
"8738","164.57","100.00","0.00","3.30","52.36"
"8798","165.35","100.00","0.00","2.74","52.41"
"8807","165.99","100.00","0.00","1.95","52.45"
"8858","166.79","100.00","0.00","0.28","52.50"
"8904","167.52","100.00","0.00","-0.56","52.56"
"8946","168.16","100.00","0.00","-0.56","52.60"
"8617","168.35","100.00","0.00","-1.39","52.65"
"7523","168.88","100.00","0.00","-1.39","52.71"
"7441","169.74","100.00","0.00","-1.63","52.76"
"7443","170.34","100.00","0.00","-1.39","52.80"
"7482","171.07","100.00","0.00","-1.39","52.86"
"7518","171.75","100.00","0.00","-1.39","52.91"
"7553","172.47","100.00","0.00","-2.74","52.96"
"7568","173.04","100.00","0.00","-3.81","53.00"
"7605","173.72","100.00","0.00","-4.37","53.06"
"7653","174.38","100.00","0.00","-4.09","53.11"
"7658","175.08","100.00","0.00","-3.30","53.16"
"7690","175.80","100.00","0.00","-3.02","53.21"
"7706","176.36","100.00","0.00","-3.02","53.25"
"7732","177.05","100.00","0.00","-3.02","53.31"
"7834","177.69","100.00","0.00","-3.30","53.36"
"7808","178.40","100.00","0.00","-3.02","53.41"
"7808","178.98","100.00","0.00","-2.46","53.45"
"7855","179.69","100.00","0.00","-1.91","53.50"
"7927","180.32","100.00","0.00","-1.63","53.56"
"7934","181.04","100.00","0.00","-1.63","53.61"
"7929","181.63","100.00","0.00","-1.63","53.65"
"7966","182.30","100.00","0.00","-1.39","53.70"
"8011","182.95","100.00","0.00","-0.84","53.75"
"8048","183.66","100.00","0.00","-0.84","53.81"
"8068","184.37","100.00","0.00","-0.84","53.86"
"8083","184.97","100.00","0.00","-0.56","53.91"
"8112","185.64","100.00","0.00","-0.56","53.96"
"8145","186.34","100.00","0.00","-0.56","54.01"
"8183","186.87","100.00","0.00","-0.56","54.06"
"8198","187.57","100.00","0.00","-0.28","54.11"
"8224","188.28","100.00","0.00","-0.28","54.16"
"8248","188.81","100.00","0.00","-0.28","54.20"
"8295","189.48","100.00","0.00","0.00","54.26"
"8312","190.16","100.00","0.00","0.28","54.31"
"8324","190.70","100.00","0.00","0.28","54.36"
"8368","191.37","100.00","0.00","0.84","54.41"
"8395","191.91","100.00","0.00","0.56","54.45"
"8416","192.57","100.00","0.00","0.28","54.51"
"8438","193.24","100.00","0.00","0.56","54.56"
"8460","193.75","100.00","0.00","0.84","54.60"
"8502","194.38","100.00","0.00","1.40","54.66"
"8512","195.03","100.00","0.00","1.40","54.71"
"8524","195.54","100.00","0.00","1.12","54.75"
"8570","196.17","100.00","0.00","0.56","54.81"
"8602","196.67","100.00","0.00","0.56","54.85"
"8604","197.28","100.00","0.00","0.00","54.90"
"8632","197.92","100.00","0.00","-0.28","54.96"
"8687","198.51","100.00","0.00","-0.28","55.01"
"8699","198.99","100.00","0.00","-0.28","55.05"
"8699","199.63","100.00","0.00","-0.28","55.11"
"8722","200.25","100.00","0.00","-0.28","55.16"
"8771","200.70","100.00","0.00","-0.28","55.20"
"8799","201.29","100.00","0.00","0.00","55.26"
"8808","201.91","100.00","0.00","-0.28","55.31"
"8823","202.38","100.00","0.00","-0.28","55.35"
"8843","202.99","100.00","0.00","-0.28","55.41"
"8878","203.57","100.00","0.00","-0.28","55.46"
"8902","204.02","96.00","0.00","-0.28","55.50"
"8805","204.36","48.23","12.30","-0.56","55.56"
"8579","203.11","0.00","85.87","-0.56","55.61"
"8294","199.87","0.00","100.00","-0.56","55.66"
"8085","197.19","0.00","100.00","-0.28","55.70"
"7971","193.74","0.00","100.00","0.00","55.76"
"7914","190.19","0.00","100.00","-0.28","55.81"
"7824","187.37","0.00","100.00","-0.56","55.86"
"8736","184.11","80.00","100.00","-0.84","55.91"
"8641","180.76","0.00","100.00","-0.28","55.96"
"8294","178.21","0.00","100.00","0.28","56.00"
"8628","174.70","0.00","97.68","0.56","56.06"
"8579","171.22","0.00","89.34","1.40","56.11"
"8566","168.13","0.00","85.00","0.56","56.16"
"8445","165.64","0.00","84.37","-0.28","56.20"
"8229","162.99","0.00","84.37","-0.28","56.25"
"7944","160.18","0.00","84.37","0.28","56.31"
"7895","157.16","0.00","84.37","1.67","56.36"
"7873","154.18","0.00","84.37","1.67","56.41"
"7741","151.86","0.00","84.37","0.84","56.45"
"7562","148.95","0.00","84.37","0.56","56.50"
"7782","146.34","80.00","84.37","0.84","56.56"
"8785","143.65","29.33","82.26","1.95","56.61"
"8381","141.05","0.00","78.96","3.58","56.66"
"8499","138.24","0.00","76.13","5.77","56.71"
"8512","135.91","0.00","75.53","7.39","56.75"
"8354","133.35","0.00","74.54","9.02","56.81"
"8287","130.81","0.00","73.17","10.70","56.86"
"8128","128.38","0.00","71.04","12.88","56.91"
"7910","125.88","0.00","69.70","15.58","56.96"
"7799","123.97","0.00","68.94","17.76","57.00"
"7669","121.71","0.00","65.41","21.06","57.06"
"7559","119.53","0.00","61.46","24.32","57.11"
"7461","117.50","0.00","56.63","26.50","57.16"
"7305","115.66","0.00","50.30","29.25","57.21"
"7224","113.94","0.00","46.16","30.88","57.26"
"7128","112.19","0.00","40.27","32.55","57.31"
"7069","110.99","0.00","35.62","33.06","57.35"
"6998","109.56","0.00","29.76","34.18","57.41"
"6915","108.36","0.00","25.24","35.25","57.45"
"6842","107.29","0.00","21.43","36.36","57.51"
"6784","106.33","0.00","18.32","36.36","57.56"
"6731","105.44","0.00","15.25","36.92","57.61"
"6686","104.59","0.00","12.51","37.43","57.66"
"6654","103.97","4.31","10.13","37.43","57.70"
"6625","103.24","9.90","7.21","38.55","57.76"
"6605","102.80","12.64","5.30","39.11","57.80"
"6587","102.31","15.98","3.94","40.18","57.85"
"6573","101.88","19.22","2.83","41.80","57.90"
"6547","101.54","21.66","2.08","42.92","57.95"
"6528","101.20","23.23","1.45","43.99","58.00"
"6523","100.91","24.11","0.94","45.62","58.06"
"6505","100.66","25.20","0.56","46.73","58.11"
"6494","100.40","27.06","0.20","47.29","58.16"
"6488","100.17","30.00","0.00","47.29","58.21"
"6481","100.03","32.35","0.00","47.80","58.25"
"6474","99.87","35.09","0.00","48.36","58.30"
"6471","99.73","35.78","0.00","49.48","58.35"
"6459","99.60","36.08","0.00","49.99","58.41"
"6454","99.50","36.17","0.00","51.10","58.45"
"6452","99.35","36.17","0.00","51.66","58.50"
"6445","99.23","36.47","0.00","52.73","58.56"
"6432","99.12","36.95","0.00","52.73","58.61"
"6423","99.01","37.06","0.00","52.73","58.66"
"6423","98.92","37.06","0.00","52.73","58.70"
"6416","98.81","37.06","0.00","52.73","58.75"
"6408","98.69","37.06","0.00","52.73","58.81"
"6402","98.56","37.06","0.00","52.73","58.86"
"6388","98.44","37.06","0.00","52.73","58.91"
"6383","98.35","37.06","0.00","52.73","58.95"
"6384","98.22","37.84","0.00","52.73","59.00"
"6370","98.12","39.41","0.00","52.73","59.06"
"6380","98.03","42.06","0.00","52.73","59.11"
"6409","98.00","45.48","0.00","52.73","59.15"
"6455","98.06","48.23","0.00","52.73","59.20"
"6451","98.25","50.10","0.00","52.73","59.25"
"6474","98.50","51.27","0.00","52.73","59.31"
"6488","98.76","51.27","0.00","52.73","59.36"
"6524","99.03","51.37","0.00","52.73","59.41"
"6535","99.30","51.37","0.00","52.73","59.46"
"6533","99.63","51.37","0.00","52.73","59.51"
"6545","99.94","51.37","0.00","52.73","59.56"
"6579","100.15","51.37","0.00","52.73","59.60"
"6596","100.44","50.20","0.00","52.73","59.65"
"6598","100.69","48.33","0.00","52.73","59.70"
"6597","100.88","46.95","0.00","52.73","59.75"
"6588","101.06","45.48","0.00","52.73","59.81"
"6599","101.15","44.31","0.00","52.73","59.86"
"6617","101.19","43.82","0.00","52.73","59.91"
"6595","101.30","43.82","0.00","52.73","59.96"
"6603","101.31","43.82","0.00","52.73","60.00"
"6626","101.31","43.82","0.00","52.73","60.06"
"6609","101.38","43.82","0.00","52.73","60.11"
"6613","101.41","43.82","0.00","52.73","60.16"
"6615","101.44","43.82","0.00","52.73","60.21"
"6628","101.44","43.72","0.00","52.73","60.26"
"6614","101.47","43.23","0.00","52.73","60.31"
"6613","101.47","43.03","0.00","52.73","60.35"
"6616","101.46","42.94","0.00","52.73","60.40"
"6604","101.46","42.35","0.00","52.73","60.46"
"6605","101.44","42.16","0.00","52.73","60.50"
"6602","101.44","41.86","0.00","52.73","60.55"
"6597","101.41","41.66","0.00","52.73","60.60"
"6606","101.35","41.56","0.00","52.73","60.66"
"6593","101.30","41.17","0.00","52.73","60.70"
"6578","101.26","40.98","0.00","52.73","60.75"
"6576","101.19","40.98","0.00","52.73","60.81"
"6582","101.10","40.98","0.00","52.73","60.86"
"6575","101.02","40.98","0.00","52.73","60.91"
"6569","100.93","40.98","0.00","52.73","60.96"
"6552","100.86","40.98","0.00","52.73","61.00"
"6554","100.80","40.98","0.00","52.73","61.06"
"6562","100.69","41.17","0.00","52.73","61.11"
"6557","100.66","42.45","0.00","52.73","61.16"
"6552","100.66","44.12","0.00","52.73","61.20"
"6611","100.70","48.63","0.00","52.73","61.26"
"6677","100.85","53.02","0.00","52.73","61.31"
"6703","101.16","55.08","0.00","52.73","61.36"
"6712","101.61","58.98","0.00","52.73","61.41"
"6793","102.08","64.84","0.00","52.73","61.46"
"6873","102.61","69.44","0.00","52.73","61.50"
"6877","103.41","74.61","0.00","52.73","61.56"
"6946","104.16","79.98","0.00","52.73","61.61"
"7089","104.92","87.01","0.00","52.73","61.66"
"7117","105.88","93.85","0.00","52.73","61.71"
"7204","106.94","100.00","0.00","52.73","61.76"
"7330","107.95","100.00","0.00","52.73","61.81"
"7386","109.02","100.00","0.00","52.73","61.86"
"7425","110.12","100.00","0.00","52.73","61.91"
"7496","111.15","100.00","0.00","52.73","61.96"
"7561","111.95","100.00","0.00","52.73","62.00"
"7627","113.01","100.00","0.00","52.73","62.05"
"7779","113.98","100.00","0.00","52.73","62.11"
"7796","114.97","100.00","0.00","52.73","62.16"
"7809","116.05","100.00","0.00","52.73","62.20"
"7881","117.04","100.00","0.00","52.73","62.25"
"8019","117.94","100.00","0.00","52.73","62.31"
"8068","118.97","100.00","0.00","52.73","62.36"
"8141","119.94","100.00","0.00","52.73","62.41"
"8182","120.87","100.00","0.00","52.73","62.46"
"8250","121.82","100.00","0.00","52.73","62.51"
"8318","122.76","100.00","0.00","52.73","62.56"
"8362","123.66","100.00","0.00","52.73","62.61"
"8443","124.55","100.00","0.00","52.73","62.66"
"8490","125.46","100.00","0.00","52.45","62.71"
"8526","126.22","100.00","0.00","48.92","62.75"
"8597","127.13","100.00","0.00","36.60","62.80"
"8703","127.99","100.00","0.00","19.16","62.85"
"8759","128.91","100.00","0.00","7.11","62.91"
"8782","129.90","100.00","0.00","4.93","62.95"
"8838","130.86","100.00","0.00","7.39","63.01"
"8933","131.75","100.00","0.00","9.02","63.06"
"8958","132.66","100.00","0.00","8.74","63.11"
"8751","133.50","100.00","0.00","7.39","63.16"
"7738","133.33","100.00","0.00","6.32","63.21"
"7371","134.06","100.00","0.00","6.56","63.25"
"7219","135.17","100.00","0.00","7.39","63.30"
"7300","136.09","100.00","0.00","9.02","63.35"
"7329","137.00","100.00","0.00","10.93","63.41"
"7438","137.93","100.00","0.00","12.60","63.46"
"7438","138.87","100.00","0.00","12.60","63.51"
"7459","139.66","100.00","0.00","12.60","63.55"
"7533","140.56","100.00","0.00","13.39","63.60"
"7568","141.47","100.00","0.00","13.67","63.66"
"7611","142.47","100.00","0.00","13.11","63.71"
"7674","143.34","100.00","0.00","12.32","63.76"
"7666","144.16","100.00","0.00","11.49","63.80"
"7756","145.13","100.00","0.00","11.21","63.85"
"7843","146.08","100.00","0.00","10.70","63.91"
"7857","146.88","100.00","0.00","10.42","63.95"
"7883","147.92","100.00","0.00","9.30","64.00"
"7944","148.91","100.00","0.00","7.95","64.06"
"7999","149.66","100.00","0.00","6.84","64.10"
"8032","150.66","100.00","0.00","4.93","64.16"
"8075","151.61","100.00","0.00","3.86","64.20"
"8150","152.57","100.00","0.00","1.95","64.26"
"8172","153.35","100.00","0.00","0.56","64.30"
"8213","154.35","100.00","0.00","-0.28","64.36"
"8282","155.32","100.00","0.00","-0.56","64.41"
"8311","156.07","98.73","0.89","-1.12","64.45"
"8212","156.72","53.52","19.04","-1.12","64.50"
"8040","155.97","12.45","56.30","-2.19","64.55"
"7780","153.56","0.00","100.00","-2.74","64.60"
"7521","150.19","0.00","100.00","-2.74","64.66"
"7385","147.41","0.00","100.00","-3.30","64.70"
"7765","144.03","80.00","100.00","-5.77","64.75"
"8598","140.94","13.33","100.00","-8.46","64.81"
"8232","138.36","0.00","100.00","-12.32","64.85"
"8290","135.15","0.00","74.14","-16.69","64.91"
"8345","132.37","0.00","63.42","-19.95","64.96"
"8292","130.56","0.00","54.31","-21.58","65.00"
"8183","128.54","0.00","44.68","-23.76","65.06"
"8052","126.91","0.00","36.39","-25.95","65.11"
"7949","125.74","0.00","30.46","-27.62","65.16"
"7964","124.36","0.00","24.20","-29.81","65.21"
"7906","123.52","0.00","19.66","-30.88","65.25"
"7820","122.46","0.00","14.79","-31.99","65.31"
"7777","121.76","0.00","11.35","-33.06","65.36"
"7746","121.01","0.00","7.36","-34.18","65.41"
"7708","120.45","0.00","4.65","-35.25","65.45"
"7682","119.85","0.00","2.23","-36.36","65.50"
"7658","119.24","0.00","0.49","-37.43","65.56"
"7622","118.83","0.00","0.00","-38.55","65.61"
"7585","118.33","3.04","0.00","-39.62","65.66"
"7564","117.90","8.73","0.00","-40.73","65.71"
"7555","117.60","15.30","0.00","-41.25","65.75"
"7559","117.24","25.59","0.00","-42.36","65.81"
"7562","116.94","32.16","0.00","-42.92","65.86"
"7552","116.76","34.61","0.00","-42.92","65.90"
"7544","116.54","38.72","0.00","-43.99","65.95"
"7549","116.36","41.27","0.00","-44.55","66.01"
"7553","116.26","41.95","0.00","-45.10","66.05"
"7552","116.16","42.55","0.00","-45.66","66.10"
"7561","116.06","43.63","0.00","-45.66","66.16"
"7568","116.03","46.37","0.00","-46.17","66.21"
"7603","116.08","50.00","0.00","-46.17","66.25"
"7645","116.25","52.24","0.00","-46.17","66.30"
"7690","116.51","56.25","0.00","-46.17","66.36"
"7732","116.93","60.55","0.00","-46.17","66.41"
"7743","117.36","61.72","0.00","-46.17","66.45"
"7782","117.86","62.70","0.00","-46.73","66.50"
"7828","118.43","63.77","0.00","-46.73","66.56"
"7872","118.99","64.06","0.00","-47.29","66.61"
"7918","119.41","64.06","0.00","-47.85","66.65"
"7920","120.00","64.06","0.00","-47.85","66.70"
"7958","120.60","64.06","0.00","-48.36","66.75"
"8038","121.09","64.26","0.00","-48.36","66.81"
"8075","121.62","64.84","0.00","-48.36","66.86"
"8102","122.08","66.50","0.00","-48.36","66.90"
"8133","122.65","71.68","0.00","-48.36","66.95"
"8204","123.28","81.15","0.00","-48.36","67.00"
"8323","124.01","92.19","0.00","-48.36","67.06"
"8406","124.99","100.00","0.00","-47.57","67.11"
"8462","125.99","100.00","0.00","-45.10","67.16"
"8527","126.76","100.00","0.00","-42.64","67.20"
"8586","127.65","100.00","0.00","-39.06","67.25"
"8612","128.65","100.00","0.00","-35.25","67.31"
"8643","129.63","100.00","0.00","-32.27","67.36"
"8716","130.37","100.00","0.00","-30.32","67.40"
"8800","131.34","100.00","0.00","-29.25","67.45"
"8849","132.29","100.00","0.00","-28.97","67.50"
"8879","133.28","100.00","0.00","-28.97","67.56"
"8546","133.52","100.00","0.00","-28.97","67.61"
"7211","133.87","100.00","0.00","-28.69","67.66"
"7180","134.63","100.00","0.00","-28.41","67.70"
"7222","135.51","100.00","0.00","-27.62","67.75"
"7375","136.26","100.00","0.00","-26.78","67.80"
"7454","137.07","100.00","0.00","-25.71","67.86"
"7413","138.06","100.00","0.00","-24.60","67.91"
"7434","138.93","100.00","0.00","-23.76","67.96"
"7495","139.75","100.00","0.00","-23.53","68.01"
"7563","140.60","100.00","0.00","-23.25","68.06"
"7634","141.26","100.00","0.00","-22.69","68.10"
"7641","142.16","100.00","0.00","-22.13","68.16"
"7655","143.06","100.00","0.00","-21.58","68.20"
"7733","143.89","100.00","0.00","-21.06","68.25"
"7807","144.72","100.00","0.00","-20.23","68.31"
"7827","145.62","100.00","0.00","-19.39","68.36"
"7872","146.47","100.00","0.00","-18.04","68.41"
"7891","147.35","100.00","0.00","-16.93","68.46"
"7947","148.05","100.00","0.00","-15.58","68.50"
"7989","149.09","100.00","0.00","-13.67","68.56"
"8033","149.82","100.00","0.00","-12.83","68.61"
"8090","150.63","100.00","0.00","-11.49","68.65"
"8111","151.60","100.00","0.00","-10.37","68.70"
"8149","152.51","100.00","0.00","-9.02","68.76"
"8212","153.40","100.00","0.00","-7.39","68.81"
"8240","154.32","100.00","0.00","-5.77","68.86"
"8271","155.26","100.00","0.00","-4.09","68.91"
"8327","155.99","100.00","0.00","-2.74","68.95"
"8367","157.07","100.00","0.00","-0.56","69.01"
"8401","157.76","100.00","0.00","0.28","69.05"
"8444","158.66","100.00","0.00","2.46","69.10"
"8476","159.63","100.00","0.00","3.58","69.16"
"8530","160.51","100.00","0.00","4.65","69.21"
"8586","161.37","100.00","0.00","4.65","69.26"
"8631","162.24","100.00","0.00","5.21","69.31"
"8668","163.10","100.00","0.00","5.21","69.36"
"8700","163.80","100.00","0.00","4.93","69.40"
"8744","164.63","100.00","0.00","4.93","69.45"
"8779","165.49","100.00","0.00","4.65","69.50"
"8756","166.27","100.00","0.00","3.86","69.56"
"8307","166.16","100.00","0.00","3.30","69.61"
"7312","167.29","100.00","0.00","2.74","69.66"
"7340","167.91","100.00","0.00","2.74","69.70"
"7373","168.69","100.00","0.00","2.74","69.75"
"7438","169.41","100.00","0.00","2.74","69.81"
"7460","170.22","100.00","0.00","3.02","69.86"
"7475","170.99","100.00","0.00","3.02","69.91"
"7507","171.61","100.00","0.00","3.58","69.95"
"7541","172.40","100.00","0.00","3.58","70.00"
"7581","173.13","100.00","0.00","3.58","70.06"
"7600","173.90","100.00","0.00","4.14","70.11"
"7631","174.56","100.00","0.00","4.14","70.15"
"7682","175.28","100.00","0.00","4.14","70.20"
"7708","176.07","100.00","0.00","4.14","70.26"
"7727","176.86","100.00","0.00","4.14","70.31"
"7760","177.47","100.00","0.00","4.14","70.35"
"7801","178.23","100.00","0.00","4.14","70.41"
"7840","178.95","100.00","0.00","3.86","70.46"
"7852","179.61","100.00","0.00","3.58","70.50"
"7882","180.39","100.00","0.00","3.30","70.56"
"7925","181.10","100.00","0.00","2.74","70.61"
"7954","181.88","100.00","0.00","2.74","70.66"
"7987","182.47","100.00","0.00","2.74","70.70"
"8020","183.28","100.00","0.00","2.74","70.76"
"8038","183.88","100.00","0.00","2.74","70.80"
"8069","184.64","100.00","0.00","2.74","70.86"
"8110","185.39","100.00","0.00","2.74","70.91"
"8129","185.98","100.00","0.00","2.74","70.95"
"8163","186.78","100.00","0.00","2.74","71.01"
"8190","187.35","100.00","0.00","2.74","71.05"
"8218","188.10","100.00","0.00","2.74","71.11"
"8250","188.72","100.00","0.00","2.46","71.15"
"8297","189.44","100.00","0.00","2.19","71.20"
"8310","190.19","100.00","0.00","1.67","71.26"
"8333","190.76","100.00","0.00","0.84","71.30"
"8385","191.50","100.00","0.00","0.56","71.36"
"8386","192.11","100.00","0.00","0.56","71.40"
"8406","192.84","100.00","0.00","0.84","71.46"
"8452","193.53","100.00","0.00","1.12","71.51"
"8479","194.10","100.00","0.00","1.12","71.56"
"8495","194.81","100.00","0.00","1.40","71.61"
"8525","195.38","100.00","0.00","1.95","71.66"
"8568","196.03","100.00","0.00","2.46","71.71"
"8577","196.61","100.00","0.00","3.58","71.75"
"8605","197.28","100.00","0.00","3.58","71.81"
"8629","197.82","100.00","0.00","4.14","71.85"
"8662","198.51","100.00","0.00","4.14","71.91"
"8693","199.01","100.00","0.00","3.86","71.95"
"8715","199.69","100.00","0.00","2.74","72.01"
"8738","200.20","100.00","0.00","1.95","72.05"
"8771","200.87","100.00","0.00","1.40","72.11"
"8393","200.84","100.00","0.00","1.40","72.15"
"7442","201.38","100.00","0.00","1.40","72.21"
"7446","201.90","100.00","0.00","1.40","72.25"
"7467","202.53","100.00","0.00","1.40","72.31"
"7495","203.01","100.00","0.00","1.40","72.36"
"7508","203.61","100.00","0.00","1.12","72.41"
"7531","204.13","100.00","0.00","1.12","72.45"
"7555","204.61","100.00","0.00","1.12","72.50"
"7571","205.19","100.00","0.00","1.12","72.56"
"7592","205.81","100.00","0.00","1.12","72.61"
"7611","206.29","100.00","0.00","1.12","72.66"
"7634","206.76","100.00","0.00","1.12","72.70"
"7651","207.34","100.00","0.00","1.12","72.75"
"7660","207.82","100.00","0.00","1.12","72.80"
"7683","208.40","100.00","0.00","1.40","72.86"
"7723","208.98","100.00","0.00","1.40","72.91"
"7731","209.45","100.00","0.00","1.12","72.96"
"7741","210.05","100.00","0.00","0.56","73.01"
"7774","210.50","100.00","0.00","0.56","73.06"
"7785","211.07","100.00","0.00","0.28","73.11"
"7808","211.54","100.00","0.00","0.28","73.16"
"7822","212.10","100.00","0.00","0.28","73.21"
"7836","212.54","100.00","0.00","0.28","73.25"
"7865","213.13","100.00","0.00","0.28","73.31"
"7883","213.58","100.00","0.00","0.28","73.35"
"7897","214.15","100.00","0.00","0.28","73.41"
"7919","214.61","100.00","0.00","0.28","73.45"
"7929","215.17","100.00","0.00","0.28","73.50"
"7971","215.62","100.00","0.00","0.28","73.55"
"7996","216.14","100.00","0.00","-0.28","73.61"
"7985","216.76","100.00","0.00","0.28","73.66"
"7998","217.20","100.00","0.00","0.56","73.70"
"8042","217.77","100.00","0.00","0.84","73.76"
"8073","218.20","100.00","0.00","0.00","73.81"
"8066","218.68","100.00","0.00","-0.28","73.85"
"8077","219.24","100.00","0.00","-0.28","73.91"
"8096","219.78","100.00","0.00","-0.28","73.96"
"8120","220.23","100.00","0.00","0.00","74.00"
"8152","220.74","100.00","0.00","0.28","74.06"
"8154","221.20","100.00","0.00","0.28","74.10"
"8173","221.74","100.00","0.00","0.00","74.16"
"8196","222.18","100.00","0.00","-0.28","74.20"
"8215","222.70","100.00","0.00","-0.28","74.25"
"8219","223.14","100.00","0.00","-0.28","74.30"
"8234","223.68","100.00","0.00","0.28","74.36"
"8256","224.19","100.00","0.00","0.56","74.41"
"8284","224.61","100.00","0.00","0.00","74.45"
"8314","225.11","100.00","0.00","-0.56","74.51"
"8319","225.54","100.00","0.00","-1.39","74.55"
"8329","226.06","100.00","0.00","-1.39","74.61"
"8354","226.56","100.00","0.00","-0.56","74.66"
"8366","226.94","100.00","0.00","-0.56","74.70"
"8306","227.32","54.20","9.35","-0.56","74.76"
"8175","226.67","10.09","57.48","-0.56","74.80"
"7930","223.41","0.00","100.00","-0.56","74.86"
"7801","220.56","0.00","100.00","-0.56","74.90"
"7681","216.74","0.00","100.00","-0.56","74.96"
"7597","213.18","0.00","100.00","-0.28","75.01"
"7472","210.45","0.00","100.00","0.28","75.06"
"7900","207.13","80.00","100.00","0.28","75.11"
"8676","204.37","29.33","100.00","0.28","75.15"
"8230","200.75","0.00","100.00","0.28","75.21"
"8244","197.96","0.00","100.00","0.28","75.25"
"8104","194.32","0.00","96.75","-0.56","75.31"
"8023","191.48","0.00","86.73","-2.19","75.35"
"7950","188.32","0.00","74.54","-3.30","75.41"
"7817","185.62","0.00","69.89","-3.81","75.46"
"7774","183.51","0.00","65.41","-4.37","75.50"
"7681","181.32","0.00","58.16","-6.00","75.56"
"7596","179.10","0.00","54.47","-7.67","75.61"
"7532","177.52","0.00","51.56","-8.18","75.66"
"7472","175.66","0.00","44.53","-9.30","75.71"
"7404","174.01","0.00","37.97","-10.93","75.76"
"7378","172.77","0.00","34.09","-12.04","75.81"
"7316","171.51","0.00","29.76","-13.67","75.86"
"7267","170.50","0.00","25.45","-14.74","75.90"
"7225","169.43","0.00","20.77","-15.86","75.96"
"7201","168.52","0.00","16.54","-16.41","76.01"
"7173","167.68","0.00","12.44","-17.48","76.06"
"7148","167.11","0.00","9.53","-18.60","76.11"
"7127","166.47","4.70","5.69","-19.67","76.16"
"7117","165.97","9.12","2.49","-21.34","76.21"
"7109","165.63","13.43","1.09","-22.41","76.25"
"7096","165.26","17.45","0.16","-23.53","76.31"
"7085","164.93","21.47","0.00","-24.60","76.36"
"7079","164.68","24.90","0.00","-25.16","76.41"
"7070","164.38","30.78","0.00","-25.16","76.46"
"7063","164.12","37.45","0.00","-25.71","76.51"
"7069","163.93","42.64","0.00","-25.71","76.55"
"7100","163.78","50.20","0.00","-26.23","76.61"
"7117","163.77","54.01","0.00","-26.78","76.66"
"7125","163.82","55.95","0.00","-27.34","76.70"
"7138","163.93","57.62","0.00","-27.34","76.75"
"7146","164.08","58.59","0.00","-27.34","76.81"
"7152","164.22","58.98","0.00","-27.34","76.85"
"7161","164.43","59.18","0.00","-27.34","76.91"
"7174","164.61","59.18","0.00","-27.34","76.95"
"7173","164.80","59.18","0.00","-27.34","77.00"
"7188","165.00","59.57","0.00","-27.34","77.05"
"7200","165.25","60.26","0.00","-27.90","77.11"
"7212","165.45","60.55","0.00","-29.53","77.15"
"7224","165.66","60.55","0.00","-31.16","77.20"
"7222","165.89","60.55","0.00","-32.78","77.25"
"7239","166.10","60.16","0.00","-33.34","77.31"
"7247","166.24","58.88","0.00","-33.34","77.35"
"7248","166.40","58.01","0.00","-33.34","77.41"
"7246","166.56","57.62","0.00","-33.34","77.46"
"7256","166.66","57.33","0.00","-33.34","77.50"
"7271","166.76","56.74","0.00","-33.90","77.56"
"7265","166.84","56.35","0.00","-35.01","77.61"
"7252","166.90","55.95","0.00","-36.08","77.65"
"7260","166.94","55.66","0.00","-38.27","77.70"
"7272","166.99","55.56","0.00","-39.39","77.76"
"7269","167.04","55.17","0.00","-40.45","77.80"
"7264","167.07","54.88","0.00","-41.01","77.85"
"7265","167.08","54.88","0.00","-41.57","77.91"
"7272","167.07","54.88","0.00","-41.57","77.96"
"7268","167.07","54.88","0.00","-41.57","78.00"
"7264","167.09","54.88","0.00","-41.57","78.06"
"7271","167.10","54.88","0.00","-41.57","78.11"
"7275","167.11","54.98","0.00","-42.08","78.16"
"7269","167.12","54.98","0.00","-42.08","78.20"
"7266","167.13","54.98","0.00","-42.08","78.26"
"7275","167.14","55.27","0.00","-42.08","78.31"
"7281","167.15","57.03","0.00","-42.08","78.36"
"7305","167.22","68.45","0.00","-42.08","78.41"
"7333","167.41","85.55","0.00","-42.08","78.45"
"7414","167.87","100.00","0.00","-42.08","78.51"
"7441","168.32","100.00","0.00","-42.08","78.55"
"7454","168.87","100.00","0.00","-42.08","78.61"
"7470","169.43","100.00","0.00","-42.08","78.66"
"7505","169.82","100.00","0.00","-42.08","78.70"
"7504","170.37","100.00","0.00","-42.08","78.75"
"7522","170.80","100.00","0.00","-42.08","78.80"
"7553","171.32","100.00","0.00","-42.08","78.86"
"7585","171.85","100.00","0.00","-42.08","78.91"
"7594","172.26","100.00","0.00","-42.08","78.95"
"7615","172.81","100.00","0.00","-42.08","79.00"
"7646","173.36","100.00","0.00","-42.08","79.06"
"7683","173.75","100.00","0.00","-42.08","79.10"
"7688","174.29","100.00","0.00","-42.08","79.16"
"7700","174.82","100.00","0.00","-42.08","79.21"
"7724","175.26","100.00","0.00","-41.25","79.25"
"7775","175.77","100.00","0.00","-39.90","79.31"
"7821","176.31","100.00","0.00","-36.87","79.36"
"7798","176.75","100.00","0.00","-34.46","79.41"
"7800","177.32","100.00","0.00","-30.60","79.46"
"7852","177.84","100.00","0.00","-26.50","79.51"
"7885","178.26","100.00","0.00","-23.25","79.56"
"7901","178.88","100.00","0.00","-19.16","79.61"
"7897","179.53","100.00","0.00","-16.69","79.66"
"7931","179.99","100.00","0.00","-15.86","79.70"
"7950","180.63","100.00","0.00","-16.14","79.76"
"7956","181.30","100.00","0.00","-18.32","79.81"
"7982","181.80","100.00","0.00","-19.95","79.86"
"8006","182.47","100.00","0.00","-22.13","79.91"
"8037","183.12","100.00","0.00","-23.76","79.96"
"8059","183.62","100.00","0.00","-24.32","80.00"
"8089","184.26","100.00","0.00","-24.32","80.06"
"8139","184.87","100.00","0.00","-23.25","80.11"
"8159","185.37","100.00","0.00","-22.41","80.16"
"8165","185.94","100.00","0.00","-22.13","80.21"
"8179","186.44","100.00","0.00","-22.13","80.25"
"8204","187.01","100.00","0.00","-22.13","80.31"
"8240","187.60","100.00","0.00","-22.13","80.36"
"8275","188.05","100.00","0.00","-22.13","80.40"
"8283","188.61","100.00","0.00","-21.85","80.45"
"8294","189.19","100.00","0.00","-21.85","80.50"
"8350","189.73","100.00","0.00","-21.85","80.56"
"8342","190.19","100.00","0.00","-22.13","80.60"
"8354","190.75","100.00","0.00","-23.25","80.65"
"8393","191.26","100.00","0.00","-24.88","80.70"
"8415","191.79","100.00","0.00","-25.44","80.76"
"8430","192.32","100.00","0.00","-25.44","80.81"
"8464","192.79","100.00","0.00","-25.95","80.86"
"8467","193.22","100.00","0.00","-26.50","80.91"
"8496","193.69","100.00","0.00","-27.62","80.95"
"8524","194.12","100.00","0.00","-28.13","81.00"
"8526","194.60","100.00","0.00","-28.69","81.06"
"8552","194.94","100.00","0.00","-28.69","81.10"
"8567","195.36","100.00","0.00","-29.25","81.15"
"8590","195.80","100.00","0.00","-29.81","81.21"
"8602","196.22","100.00","0.00","-29.81","81.26"
"8638","196.63","100.00","0.00","-29.81","81.31"
"8648","196.94","100.00","0.00","-29.81","81.36"
"8654","197.32","100.00","0.00","-30.32","81.41"
"8668","197.72","100.00","0.00","-30.88","81.46"
"8687","198.02","100.00","0.00","-30.88","81.50"
"8710","198.41","100.00","0.00","-31.43","81.56"
"8726","198.78","100.00","0.00","-31.99","81.61"
"8738","199.10","100.00","0.00","-31.99","81.65"
"8746","199.44","100.00","0.00","-31.99","81.70"
"8755","199.82","100.00","0.00","-31.99","81.75"
"8789","200.19","100.00","0.00","-31.99","81.81"
"8811","200.47","100.00","0.00","-31.99","81.85"
"8804","200.82","100.00","0.00","-31.99","81.91"
"8549","200.82","100.00","0.00","-31.71","81.96"
"7538","200.73","100.00","0.00","-30.60","82.01"
"7469","201.07","100.00","0.00","-29.81","82.05"
"7477","201.38","100.00","0.00","-28.69","82.11"
"7487","201.66","100.00","0.00","-27.34","82.16"
"7495","201.93","100.00","0.00","-25.71","82.21"
"7499","202.16","100.00","0.00","-24.60","82.25"
"7503","202.46","100.00","0.00","-22.97","82.31"
"7516","202.76","100.00","0.00","-21.85","82.36"
"7537","203.07","100.00","0.00","-20.79","82.41"
"7535","203.35","100.00","0.00","-20.23","82.45"
"7551","203.67","100.00","0.00","-19.67","82.50"
"7561","204.02","100.00","0.00","-19.39","82.56"
"7573","204.36","100.00","0.00","-19.16","82.61"
"7574","204.73","100.00","0.00","-19.16","82.66"
"7583","205.01","100.00","0.00","-19.16","82.70"
"7599","205.36","100.00","0.00","-18.88","82.75"
"7606","205.72","100.00","0.00","-18.04","82.80"
"7627","206.08","100.00","0.00","-17.20","82.86"
"7640","206.44","100.00","0.00","-16.41","82.91"
"7646","206.79","100.00","0.00","-15.86","82.95"
"7659","207.14","100.00","0.00","-15.86","83.01"
"7675","207.53","100.00","0.00","-15.86","83.06"
"7686","207.89","100.00","0.00","-15.86","83.11"
"7696","208.18","100.00","0.00","-15.86","83.15"
"7720","208.53","100.00","0.00","-15.86","83.20"
"7719","208.92","100.00","0.00","-15.86","83.25"
"7731","209.25","100.00","0.00","-15.86","83.31"
"7750","209.62","100.00","0.00","-15.86","83.36"
"7762","209.97","100.00","0.00","-15.86","83.41"
"7774","210.32","100.00","0.00","-15.58","83.46"
"7796","210.62","100.00","0.00","-14.74","83.50"
"7816","210.98","100.00","0.00","-13.67","83.55"
"7815","211.35","100.00","0.00","-11.76","83.61"
"7830","211.72","100.00","0.00","-10.37","83.66"
"7857","212.08","100.00","0.00","-9.02","83.70"
"7855","212.49","100.00","0.00","-8.18","83.76"
"7858","212.89","100.00","0.00","-7.95","83.81"
"7869","213.22","100.00","0.00","-7.95","83.85"
"7886","213.61","100.00","0.00","-7.95","83.91"
"7896","214.03","100.00","0.00","-7.95","83.95"
"7915","214.47","100.00","0.00","-7.95","84.01"
"7935","214.81","100.00","0.00","-7.95","84.05"
"7950","215.22","100.00","0.00","-7.95","84.10"
"7961","215.64","100.00","0.00","-7.67","84.15"
"7976","216.07","100.00","0.00","-7.67","84.21"
"7997","216.49","100.00","0.00","-7.11","84.26"
"8002","216.89","100.00","0.00","-6.28","84.31"
"8008","217.25","100.00","0.00","-5.21","84.35"
"8025","217.68","100.00","0.00","-3.81","84.41"
"8042","218.11","100.00","0.00","-2.46","84.45"
"8078","218.53","100.00","0.00","-1.12","84.51"
"8071","218.89","100.00","0.00","0.00","84.55"
"8076","219.35","100.00","0.00","0.28","84.60"
"8096","219.80","100.00","0.00","1.67","84.66"
"8133","220.23","100.00","0.00","2.46","84.71"
"8133","220.59","100.00","0.00","3.02","84.75"
"8139","221.03","100.00","0.00","2.74","84.81"
"8158","221.47","100.00","0.00","0.56","84.86"
"8183","221.91","100.00","0.00","-0.28","84.91"
"8205","222.24","100.00","0.00","0.00","84.95"
"8210","222.67","100.00","0.00","0.00","85.01"
"8208","223.12","100.00","0.00","0.56","85.06"
"8218","223.47","100.00","0.00","0.56","85.11"
"8260","223.84","100.00","0.00","0.84","85.16"
"8272","224.25","100.00","0.00","0.00","85.21"
"8270","224.59","100.00","0.00","-0.28","85.25"
"8287","225.00","100.00","0.00","-0.84","85.31"
"8308","225.39","100.00","0.00","-0.56","85.36"
"8315","225.71","100.00","0.00","0.28","85.40"
"8334","226.11","100.00","0.00","0.56","85.45"
"8345","226.49","100.00","0.00","-0.28","85.51"
"8348","226.80","100.00","0.00","-0.28","85.55"
"8372","227.17","100.00","0.00","0.28","85.60"
"8388","227.54","100.00","0.00","0.84","85.66"
"8401","227.92","100.00","0.00","0.56","85.71"
"8402","228.21","100.00","0.00","0.00","85.75"
"8409","228.59","100.00","0.00","0.28","85.81"
"8428","228.94","100.00","0.00","1.40","85.86"
"8451","229.23","100.00","0.00","0.84","85.90"
"8472","229.56","100.00","0.00","0.56","85.95"
"8469","229.90","100.00","0.00","0.28","86.00"
"8471","230.27","100.00","0.00","0.28","86.06"
"8484","230.62","100.00","0.00","0.28","86.11"
"8495","230.88","100.00","0.00","0.00","86.16"
"8511","231.20","100.00","0.00","0.28","86.20"
"8523","231.54","100.00","0.00","0.00","86.26"
"8534","231.82","100.00","0.00","-0.28","86.31"
"8541","232.13","100.00","0.00","-0.28","86.36"
"8549","232.45","100.00","0.00","0.00","86.41"
"8564","232.70","100.00","0.00","0.28","86.45"
"8583","233.01","100.00","0.00","0.00","86.50"
"8592","233.32","100.00","0.00","0.00","86.56"
"8596","233.57","100.00","0.00","0.00","86.60"
"8607","233.88","100.00","0.00","0.28","86.66"
"8625","234.19","100.00","0.00","0.00","86.71"
"8634","234.43","100.00","0.00","0.00","86.75"
"8638","234.75","100.00","0.00","0.28","86.81"
"8566","234.86","50.78","14.71","0.28","86.86"
"8371","233.59","3.92","100.00","0.00","86.91"
"8130","229.96","0.00","100.00","0.28","86.96"
"7986","226.98","0.00","100.00","0.56","87.00"
"7960","222.87","0.00","100.00","1.12","87.06"
"7859","219.71","0.00","100.00","0.28","87.11"
"7682","215.88","0.00","100.00","-0.56","87.16"
"8006","212.91","80.00","100.00","-0.84","87.20"
"8878","209.51","13.33","100.00","-0.56","87.26"
"8499","206.53","0.00","100.00","0.00","87.30"
"8440","202.72","0.00","100.00","0.28","87.36"
"8324","198.93","0.00","100.00","0.28","87.41"
"8204","196.09","0.00","100.00","0.28","87.45"
"8017","192.47","0.00","99.53","1.12","87.51"
"7930","189.32","0.00","93.79","1.40","87.55"
"7851","185.95","0.00","86.73","1.40","87.61"
"7681","182.86","0.00","83.31","1.12","87.66"
"7528","180.42","0.00","82.69","1.40","87.70"
"7446","177.13","0.00","78.96","2.46","87.76"
"7392","174.65","48.00","78.14","2.46","87.81"
"8718","171.83","53.33","78.14","3.02","87.86"
"8368","169.01","0.00","78.14","3.02","87.91"
"8305","166.85","0.00","77.34","3.02","87.95"
"8332","163.69","0.00","72.78","3.58","88.01"
"8258","161.41","0.00","68.19","4.14","88.05"
"8121","158.85","0.00","63.96","4.14","88.11"
"8012","156.44","0.00","56.97","4.65","88.16"
"7932","154.62","0.00","52.03","5.77","88.20"
"7847","152.55","0.00","47.36","6.84","88.26"
"7800","150.96","0.00","43.95","7.95","88.31"
"7699","149.22","0.00","38.77","9.02","88.36"
"7622","147.89","0.00","34.98","9.02","88.41"
"7554","146.45","0.00","29.76","9.02","88.46"
"7514","145.35","0.00","25.24","9.58","88.50"
"7464","144.18","0.00","22.21","9.58","88.56"
"7920","143.14","80.00","21.43","10.70","88.61"
"8752","142.34","21.33","20.49","12.32","88.66"
"8386","141.63","0.00","20.03","14.51","88.70"
"8738","140.41","0.00","19.94","16.69","88.76"
"8896","139.14","0.00","19.94","19.44","88.80"
"8842","137.94","0.00","19.94","22.13","88.86"
"8776","136.97","0.00","19.84","23.81","88.90"
"8686","135.80","0.00","19.30","25.44","88.95"
"8627","134.84","0.00","18.94","26.50","89.00"
"8548","133.66","0.00","17.80","27.62","89.06"
"8482","132.51","0.00","16.70","28.18","89.11"
"8413","131.60","0.00","15.41","28.69","89.16"
"8337","130.50","0.00","12.93","28.69","89.21"
"8310","129.61","0.00","10.26","29.81","89.25"
"8239","128.63","0.00","7.11","29.81","89.31"
"8197","127.97","5.59","4.77","29.81","89.35"
"8182","127.20","13.43","1.21","29.81","89.41"
"8174","126.69","20.98","0.02","29.81","89.45"
"8148","126.17","30.97","0.00","29.81","89.51"
"8141","125.81","38.33","0.00","29.81","89.56"
"8166","125.51","44.41","0.00","30.36","89.60"
"8203","125.32","49.70","0.00","31.43","89.66"
"8228","125.28","52.24","0.00","31.99","89.70"
"8237","125.35","54.49","0.00","32.55","89.75"
"8286","125.51","56.74","0.00","33.06","89.81"
"8286","125.72","57.42","0.00","33.62","89.86"
"8284","125.97","57.42","0.00","33.62","89.91"
"8304","126.21","57.42","0.00","33.62","89.95"
"8325","126.51","57.42","0.00","34.74","90.01"
"8346","126.72","55.86","0.00","35.81","90.06"
"8315","126.93","53.62","0.00","37.99","90.11"
"8306","127.06","51.47","0.00","40.18","90.16"
"8313","127.11","49.80","0.00","41.80","90.20"
"8311","127.10","48.13","0.00","43.99","90.25"
"8295","127.04","47.84","0.00","45.62","90.31"
"8287","126.97","47.84","0.00","46.17","90.36"
"8293","126.86","47.84","0.00","46.17","90.41"
"8298","126.79","49.80","0.00","46.17","90.45"
"8323","126.75","51.56","0.00","46.17","90.50"
"8328","126.75","51.85","0.00","46.17","90.55"
"8330","126.77","51.95","0.00","46.17","90.61"
"8329","126.77","51.95","0.00","46.73","90.66"
"8346","126.74","51.95","0.00","46.73","90.71"
"8312","126.78","51.95","0.00","46.73","90.75"
"8320","126.81","53.32","0.00","46.73","90.80"
"8373","126.88","57.03","0.00","46.73","90.86"
"8393","127.06","58.20","0.00","46.73","90.91"
"8388","127.28","58.98","0.00","46.73","90.95"
"8428","127.45","59.27","0.00","46.73","91.00"
"8426","127.73","59.27","0.00","46.73","91.06"
"8430","127.94","59.27","0.00","47.29","91.11"
"8465","128.10","58.59","0.00","47.80","91.16"
"8451","128.30","57.52","0.00","48.36","91.20"
"8453","128.53","57.23","0.00","49.48","91.26"
"8481","128.69","57.13","0.00","49.99","91.31"
"8524","128.78","57.13","0.00","50.55","91.35"
"8511","128.92","57.13","0.00","50.55","91.40"
"8490","129.11","57.13","0.00","50.55","91.46"
"8525","129.21","58.50","0.00","50.55","91.50"
"8578","129.31","60.55","0.00","50.55","91.55"
"8561","129.65","64.36","0.00","50.55","91.61"
"8612","129.85","66.41","0.00","50.55","91.66"
"8643","130.11","69.05","0.00","50.55","91.70"
"8690","130.42","70.70","0.00","50.55","91.76"
"8663","130.78","70.90","0.00","50.55","91.81"
"8682","131.09","71.29","0.00","50.55","91.86"
"8756","131.43","71.48","0.00","49.99","91.91"
"8644","131.67","71.48","0.00","49.48","91.96"
"8273","131.32","71.88","0.00","48.36","92.00"
"7089","131.75","72.07","0.00","45.10","92.06"
"7053","132.07","72.17","0.00","42.08","92.11"
"7102","132.31","72.46","0.00","38.78","92.16"
"7113","132.66","72.56","0.00","34.74","92.21"
"7119","132.99","72.66","0.00","31.99","92.25"
"7166","133.26","72.66","0.00","28.41","92.30"
"7176","133.66","72.66","0.00","23.53","92.36"
"7177","133.98","72.66","0.00","19.16","92.40"
"7158","134.45","72.66","0.00","13.95","92.46"
"7204","134.78","72.66","0.00","9.86","92.50"
"7214","135.28","72.66","0.00","4.93","92.56"
"7226","135.69","72.66","0.00","-0.28","92.61"
"7222","136.25","72.66","0.00","-9.30","92.66"
"7241","136.71","72.66","0.00","-19.67","92.70"
"7266","137.17","72.66","0.00","-29.53","92.75"
"7292","137.71","70.90","0.00","-37.20","92.81"
"7348","138.16","67.09","0.00","-43.20","92.86"
"7357","138.46","63.58","0.00","-46.45","92.91"
"7369","138.74","60.16","0.00","-48.64","92.96"
"7366","138.93","58.40","0.00","-50.31","93.00"
"7387","139.06","56.74","0.00","-50.82","93.06"
"7385","139.13","55.66","0.00","-51.38","93.10"
"7382","139.16","54.01","0.00","-51.94","93.16"
"7370","139.15","53.23","0.00","-51.94","93.20"
"7349","139.12","51.95","0.00","-52.50","93.25"
"7343","139.04","51.17","0.00","-52.50","93.31"
"7342","138.97","50.88","0.00","-53.01","93.36"
"7327","138.88","50.59","0.00","-53.01","93.41"
"7322","138.78","50.30","0.00","-53.01","93.46"
"7308","138.72","49.70","0.00","-53.57","93.50"
"7301","138.62","48.91","0.00","-53.57","93.56"
"7294","138.50","48.03","0.00","-54.13","93.61"
"7283","138.40","47.55","0.00","-54.68","93.65"
"7266","138.24","46.66","0.00","-54.68","93.70"
"7257","138.07","45.88","0.00","-55.20","93.75"
"7238","137.89","44.80","0.00","-55.75","93.81"
"7222","137.65","43.33","0.00","-56.31","93.86"
"7204","137.42","42.35","0.00","-56.87","93.90"
"7170","137.12","40.68","0.00","-57.38","93.95"
"7147","136.77","38.92","0.00","-57.38","94.00"
"7128","136.38","37.64","0.00","-57.94","94.06"
"7103","135.97","36.27","0.00","-57.94","94.11"
"7072","135.54","35.78","0.00","-57.94","94.16"
"7051","135.11","35.48","0.00","-57.94","94.21"
"7036","134.78","35.29","0.00","-57.94","94.25"
"7013","134.34","35.29","0.00","-57.94","94.30"
"6987","133.87","35.29","0.00","-57.94","94.36"
"6963","133.43","35.29","0.00","-57.94","94.41"
"6945","132.99","35.29","0.00","-57.94","94.46"
"6921","132.57","36.27","0.00","-57.94","94.51"
"6909","132.22","38.82","0.00","-57.94","94.55"
"6915","131.84","44.12","0.00","-57.94","94.60"
"6936","131.57","48.52","0.00","-57.94","94.65"
"6960","131.41","52.63","0.00","-57.94","94.71"
"6973","131.40","56.94","0.00","-57.94","94.76"
"7000","131.50","61.52","0.00","-57.94","94.81"
"7023","131.66","68.36","0.00","-57.94","94.85"
"7072","131.97","80.28","0.00","-57.94","94.90"
"7120","132.45","90.23","0.00","-57.94","94.95"
"7181","133.07","97.27","0.00","-57.94","95.01"
"7236","133.72","100.00","0.00","-57.94","95.06"
"7270","134.37","100.00","0.00","-57.94","95.11"
"7280","134.95","100.00","0.00","-57.94","95.15"
"7352","135.56","100.00","0.00","-57.94","95.20"
"7382","136.19","100.00","0.00","-57.94","95.25"
"7418","136.82","100.00","0.00","-57.94","95.31"
"7459","137.42","100.00","0.00","-57.94","95.36"
"7485","138.06","100.00","0.00","-57.94","95.41"
"7520","138.63","100.00","0.00","-57.94","95.46"
"7579","139.17","100.00","0.00","-57.38","95.51"
"7588","139.76","100.00","0.00","-54.13","95.56"
"7591","140.25","100.00","0.00","-50.03","95.60"
"7645","140.92","100.00","0.00","-44.27","95.66"
"7703","141.47","100.00","0.00","-39.62","95.71"
"7698","141.95","100.00","0.00","-36.08","95.75"
"7707","142.57","100.00","0.00","-32.50","95.80"
"7736","143.19","100.00","0.00","-29.81","95.85"
"7784","143.76","100.00","0.00","-28.13","95.90"
"7799","144.44","100.00","0.00","-27.90","95.95"
"7837","145.09","100.00","0.00","-27.62","96.00"
"7855","145.71","100.00","0.00","-27.62","96.05"
"7866","146.41","100.00","0.00","-27.06","96.10"
"7916","147.08","100.00","0.00","-26.50","96.15"
"7972","147.69","100.00","0.00","-25.44","96.20"
"7972","148.43","100.00","0.00","-24.32","96.25"
"7992","149.20","100.00","0.00","-23.76","96.30"
"8105","149.82","100.00","0.00","-22.97","96.35"
"8189","150.51","100.00","0.00","-21.85","96.40"
"8203","151.37","100.00","0.00","-19.95","96.46"
"8172","152.16","100.00","0.00","-17.76","96.51"
"8221","152.81","100.00","0.00","-15.30","96.56"
"8214","153.56","100.00","0.00","-12.55","96.61"
"8288","154.19","100.00","0.00","-10.65","96.66"
"8371","154.88","100.00","0.00","-8.18","96.71"
"8324","155.69","100.00","0.00","-5.77","96.76"
"8329","156.44","100.00","0.00","-4.09","96.81"
"8428","157.12","100.00","0.00","-1.39","96.86"
"8397","157.91","100.00","0.00","0.28","96.91"
"8433","158.69","100.00","0.00","2.46","96.96"
"8516","159.38","100.00","0.00","3.30","97.00"
"8520","160.15","100.00","0.00","2.19","97.05"
"8564","160.93","100.00","0.00","2.46","97.11"
"8588","161.66","100.00","0.00","1.67","97.15"
"8624","162.44","100.00","0.00","0.28","97.20"
"8668","163.17","100.00","0.00","-0.28","97.25"
"8751","163.96","100.00","0.00","0.00","97.31"
"8746","164.75","100.00","0.00","0.28","97.36"
"8772","165.47","100.00","0.00","0.28","97.41"
"8812","166.17","100.00","0.00","0.28","97.45"
"8877","166.84","100.00","0.00","0.56","97.50"
"8931","167.48","100.00","0.00","0.00","97.55"
"8945","168.25","100.00","0.00","-1.63","97.60"
"8638","168.48","100.00","0.00","-1.91","97.66"
"7456","168.99","100.00","0.00","-1.91","97.71"
"7423","169.74","100.00","0.00","-1.91","97.75"
"7469","170.40","100.00","0.00","-1.91","97.81"
"7492","171.03","100.00","0.00","-2.19","97.86"
"7507","171.69","100.00","0.00","-2.19","97.90"
"7555","172.45","100.00","0.00","-1.63","97.96"
"7566","172.97","100.00","0.00","-1.63","98.00"
"7593","173.74","100.00","0.00","-1.63","98.06"
"7630","174.39","100.00","0.00","-1.63","98.11"
"7656","175.01","100.00","0.00","-1.63","98.16"
"7675","175.65","100.00","0.00","-1.63","98.20"
"7715","176.26","100.00","0.00","-1.63","98.25"
"7764","176.88","100.00","0.00","-1.63","98.31"
"7758","177.54","100.00","0.00","-1.63","98.35"
"7793","178.28","100.00","0.00","-1.63","98.41"
"7820","178.81","100.00","0.00","-1.63","98.45"
"7858","179.54","100.00","0.00","-1.63","98.51"
"7881","180.16","100.00","0.00","-1.63","98.56"
"7914","180.80","100.00","0.00","-1.63","98.61"
"7923","181.47","100.00","0.00","-1.63","98.66"
"7963","182.07","100.00","0.00","-1.63","98.70"
"7998","182.70","100.00","0.00","-1.63","98.76"
"7975","183.33","77.05","0.32","-1.63","98.81"
"7863","183.40","34.70","22.21","-1.63","98.86"
"7638","181.74","0.00","100.00","-1.63","98.91"
"7435","178.74","0.00","100.00","-1.63","98.95"
"7182","175.44","0.00","100.00","-1.63","99.00"
"7149","172.19","0.00","100.00","-0.56","99.06"
"7081","168.84","48.00","100.00","1.95","99.11"
"8351","165.87","69.33","100.00","5.77","99.15"
"8179","162.84","0.00","100.00","7.39","99.20"
"7924","159.72","0.00","100.00","7.95","99.25"
"7892","156.48","0.00","100.00","7.95","99.30"
"7743","153.16","0.00","94.92","8.23","99.36"
"7610","150.19","0.00","85.22","8.23","99.40"
"7528","147.54","0.00","74.14","8.74","99.45"
"7403","145.29","0.00","65.05","8.74","99.50"
"7298","143.01","0.00","57.14","9.30","99.55"
"7223","140.69","24.00","50.76","11.49","99.61"
"8212","139.45","80.00","46.01","13.11","99.65"
"8346","137.68","0.00","40.41","16.41","99.71"
"7966","136.40","0.00","37.70","17.48","99.76"
"8541","134.76","0.00","34.98","18.60","99.80"
"8480","133.02","0.00","29.53","19.67","99.86"
"8411","131.78","0.00","24.10","20.23","99.91"
"8347","130.92","0.00","20.31","20.79","99.95"
"8290","129.88","0.00","16.54","21.34","100.00"
"8253","128.80","3.92","11.22","22.41","100.06"
"8227","128.24","8.63","7.47","22.97","100.10"
"8203","127.66","14.41","3.59","23.53","100.15"
"8199","127.19","20.39","1.17","24.04","100.20"
"8188","126.83","25.49","0.19","24.60","100.26"
"8176","126.53","30.20","0.00","25.71","100.31"
"8161","126.28","33.52","0.00","27.34","100.36"
"8155","126.06","35.09","0.00","28.97","100.41"
"8144","125.84","35.48","0.00","30.60","100.46"
"8134","125.62","35.59","0.00","32.27","100.51"
"8114","125.42","35.59","0.00","34.46","100.56"
"8103","125.18","35.59","0.00","36.60","100.61"
"8086","124.93","35.59","0.00","39.34","100.66"
"8070","124.75","35.59","0.00","40.97","100.70"
"8056","124.48","35.59","0.00","42.08","100.75"
"8035","124.19","35.59","0.00","42.64","100.81"
"8012","123.94","36.56","0.00","42.64","100.86"
"8014","123.63","40.48","0.00","42.08","100.91"
"8040","123.39","45.59","0.00","40.18","100.96"
"8061","123.30","48.72","0.00","39.62","101.01"
"8100","123.28","50.78","0.00","39.62","101.06"
"8120","123.36","52.93","0.00","40.97","101.11"
"8133","123.46","53.42","0.00","43.15","101.15"
"8138","123.60","53.42","0.00","45.34","101.21"
"8124","123.79","53.42","0.00","47.52","101.26"
"8133","123.93","53.42","0.00","49.20","101.30"
"8161","124.05","52.93","0.00","50.82","101.35"
"8152","124.20","51.56","0.00","52.45","101.40"
"8120","124.35","50.00","0.00","54.08","101.46"
"8131","124.38","48.33","0.00","55.75","101.51"
"8130","124.36","46.56","0.00","56.26","101.55"
"8092","124.31","43.82","0.00","57.38","101.61"
"8049","124.10","39.90","0.00","57.94","101.66"
"8016","123.81","36.27","0.00","57.94","101.71"
"7994","123.53","33.23","0.00","57.94","101.75"
"7961","123.11","29.80","0.00","57.94","101.81"
"7922","122.68","27.94","0.00","57.94","101.86"
"7894","122.33","27.54","0.00","57.94","101.90"
"7867","121.86","27.54","0.00","57.94","101.95"
"7832","121.36","27.65","0.00","57.94","102.01"
"7797","120.91","29.80","0.00","57.94","102.06"
"7782","120.50","34.80","0.00","57.94","102.10"
"7787","120.05","41.86","0.00","57.94","102.15"
"7822","119.71","48.03","0.00","57.94","102.21"
"7895","119.54","54.98","0.00","57.94","102.26"
"7970","119.64","63.58","0.00","57.94","102.31"
"8003","119.91","70.22","0.00","57.94","102.35"
"8081","120.31","76.56","0.00","57.94","102.40"
"8118","120.93","85.25","0.00","57.94","102.46"
"8200","121.61","95.22","0.00","57.94","102.51"
"8243","122.50","97.66","0.00","57.94","102.56"
"8306","123.44","97.66","0.00","57.94","102.61"
"8396","124.04","96.48","0.00","57.94","102.65"
"8434","124.92","94.24","0.00","57.94","102.71"
"8431","125.79","93.56","0.00","57.94","102.76"
"8534","126.50","93.45","0.00","57.94","102.81"
"8587","127.22","93.45","0.00","57.38","102.86"
"8619","127.97","93.65","0.00","54.36","102.91"
"8688","128.53","95.70","0.00","47.52","102.95"
"8724","129.29","97.85","0.00","34.97","103.00"
"8778","130.06","98.73","0.00","20.23","103.05"
"8799","130.94","99.70","0.00","10.42","103.11"
"8885","131.78","100.00","0.00","6.05","103.16"
"8962","132.69","100.00","0.00","4.93","103.21"
"8567","133.18","100.00","0.00","4.65","103.26"
"8722","133.16","100.00","0.00","3.86","103.31"
"7723","132.99","100.00","0.00","3.86","103.36"
"7217","134.09","100.00","0.00","4.14","103.40"
"7218","135.08","100.00","0.00","5.21","103.45"
"7300","135.96","100.00","0.00","5.77","103.50"
"7357","136.85","100.00","0.00","5.21","103.56"
"7378","137.81","100.00","0.00","4.14","103.61"
"7431","138.71","100.00","0.00","4.14","103.66"
"7488","139.59","100.00","0.00","4.93","103.71"
"7476","140.55","100.00","0.00","5.21","103.76"
"7540","141.44","100.00","0.00","5.77","103.81"
"7646","142.10","100.00","0.00","6.05","103.85"
"7703","143.13","100.00","0.00","4.65","103.91"
"7695","144.07","100.00","0.00","3.58","103.96"
"7731","144.76","100.00","0.00","2.74","104.00"
"7801","145.61","100.00","0.00","2.19","104.05"
"7834","146.51","100.00","0.00","1.67","104.10"
"7878","147.39","100.00","0.00","1.40","104.16"
"7937","148.20","100.00","0.00","1.12","104.20"
"7983","149.07","100.00","0.00","0.56","104.25"
"8022","149.96","100.00","0.00","0.56","104.31"
"8068","150.82","100.00","0.00","0.28","104.36"
"8099","151.69","100.00","0.00","1.12","104.41"
"8116","152.60","100.00","0.00","1.40","104.46"
"8189","153.38","100.00","0.00","0.28","104.51"
"8261","154.19","100.00","0.00","0.00","104.56"
"8283","155.06","100.00","0.00","0.28","104.61"
"8312","155.91","100.00","0.00","3.02","104.66"
"8352","156.72","100.00","0.00","6.84","104.71"
"8357","157.44","100.00","0.00","10.70","104.75"
"8421","158.23","100.00","0.00","16.14","104.80"
"8533","158.92","100.00","0.00","20.51","104.85"
"8564","159.66","100.00","0.00","23.81","104.91"
"8559","160.44","100.00","0.00","27.06","104.96"
"8596","161.15","100.00","0.00","31.99","105.01"
"8681","161.82","100.00","0.00","37.43","105.06"
"8728","162.45","100.00","0.00","41.80","105.11"
"8736","162.99","100.00","0.00","43.99","105.15"
"8762","163.60","100.00","0.00","43.99","105.21"
"8798","164.18","100.00","0.00","43.99","105.26"
"8824","164.80","100.00","0.00","43.43","105.31"
"8848","165.26","100.00","0.00","43.15","105.35"
"8538","165.35","100.00","0.00","43.15","105.40"
"7474","165.51","100.00","0.00","43.15","105.46"
"7314","166.26","100.00","0.00","43.43","105.51"
"7390","166.77","100.00","0.00","44.55","105.56"
"7487","167.06","100.00","0.00","46.17","105.60"
"7440","167.51","100.00","0.00","47.29","105.66"
"7435","167.84","100.00","0.00","47.80","105.71"
"7441","168.10","100.00","0.00","48.36","105.76"
"7469","168.31","100.00","0.00","48.92","105.80"
"7550","168.60","100.00","0.00","49.48","105.85"
"7567","168.93","100.00","0.00","49.99","105.90"
"7522","169.21","100.00","0.00","50.55","105.96"
"7505","169.49","100.00","0.00","50.55","106.01"
"7491","169.80","100.00","0.00","50.55","106.06"
"7524","170.05","100.00","0.00","50.55","106.10"
"7547","170.41","100.00","0.00","50.55","106.15"
"7546","170.81","100.00","0.00","50.55","106.20"
"7546","171.16","100.00","0.00","50.55","106.26"
"7536","171.50","100.00","0.00","50.55","106.31"
"7535","171.88","100.00","0.00","50.55","106.36"
"7595","172.24","100.00","0.00","50.55","106.41"
"7649","172.63","100.00","0.00","50.55","106.46"
"7676","173.04","100.00","0.00","50.55","106.51"
"7666","173.30","100.00","0.00","50.55","106.55"
"7642","173.66","97.46","0.00","50.55","106.60"
"7622","173.91","79.20","0.00","51.10","106.65"
"7623","173.97","69.05","0.00","51.66","106.70"
"7597","174.00","63.87","0.00","51.66","106.75"
"7591","173.95","61.81","0.00","51.66","106.80"
"7581","173.88","61.81","0.00","51.66","106.86"
"7579","173.82","65.23","0.00","51.66","106.91"
"7611","173.83","77.25","0.00","51.66","106.96"
"7652","173.95","90.33","0.00","51.66","107.01"
"7675","174.22","100.00","0.00","51.66","107.06"
"7689","174.55","100.00","0.00","51.66","107.11"
"7713","174.87","100.00","0.00","51.66","107.16"
"7747","175.18","100.00","0.00","51.66","107.21"
"7753","175.51","100.00","0.00","51.66","107.26"
"7765","175.82","100.00","0.00","51.66","107.31"
"7772","176.06","100.00","0.00","51.66","107.36"
"7755","176.32","100.00","0.00","51.66","107.41"
"7773","176.60","100.00","0.00","50.82","107.46"
"7819","176.88","100.00","0.00","48.64","107.51"
"7872","177.16","100.00","0.00","45.34","107.56"
"7843","177.47","100.00","0.00","40.97","107.61"
"7817","177.82","100.00","0.00","36.36","107.66"
"7850","178.12","100.00","0.00","31.99","107.71"
"7904","178.40","100.00","0.00","28.41","107.76"
"7889","178.78","100.00","0.00","25.99","107.81"
"7884","179.14","100.00","0.00","24.32","107.85"
"7912","179.48","100.00","0.00","22.69","107.91"
"7920","179.84","100.00","0.00","21.85","107.95"
"7929","180.29","100.00","0.00","20.51","108.01"
"7957","180.65","100.00","0.00","19.44","108.06"
"7963","181.03","100.00","0.00","18.60","108.11"
"7951","181.44","100.00","0.00","18.04","108.16"
"7973","181.82","100.00","0.00","18.04","108.21"
"8001","182.20","100.00","0.00","18.04","108.25"
"8025","182.63","100.00","0.00","18.04","108.30"
"8036","183.06","100.00","0.00","18.04","108.35"
"8060","183.55","100.00","0.00","17.48","108.41"
"8086","183.98","100.00","0.00","16.69","108.46"
"8085","184.42","100.00","0.00","15.58","108.51"
"8110","184.86","100.00","0.00","15.07","108.56"
"8139","185.26","100.00","0.00","14.79","108.61"
"8149","185.69","100.00","0.00","14.51","108.66"
"8162","186.11","100.00","0.00","14.23","108.70"
"8190","186.55","100.00","0.00","13.67","108.75"
"8209","187.00","100.00","0.00","12.60","108.81"
"8218","187.43","100.00","0.00","11.21","108.85"
"8242","187.89","100.00","0.00","9.58","108.90"
"8270","188.31","100.00","0.00","8.23","108.95"
"8279","188.76","100.00","0.00","7.11","109.00"
"8281","189.34","100.00","0.00","6.56","109.06"
"8305","189.69","100.00","0.00","6.32","109.10"
"8331","190.18","100.00","0.00","6.32","109.15"
"8362","190.70","100.00","0.00","6.32","109.21"
"8357","191.11","100.00","0.00","6.32","109.25"
"8361","191.69","100.00","0.00","6.32","109.31"
"8406","192.16","100.00","0.00","6.32","109.36"
"8458","192.57","100.00","0.00","6.32","109.41"
"8442","193.05","100.00","0.00","6.32","109.46"
"8439","193.55","100.00","0.00","6.32","109.51"
"8456","194.03","100.00","0.00","6.32","109.56"
"8489","194.44","100.00","0.00","6.32","109.61"
"8511","194.90","100.00","0.00","6.32","109.66"
"8535","195.32","100.00","0.00","6.32","109.71"
"8552","195.78","100.00","0.00","6.32","109.76"
"8560","196.20","100.00","0.00","6.56","109.80"
"8577","196.62","100.00","0.00","6.56","109.85"
"8608","197.06","100.00","0.00","6.56","109.90"
"8632","197.54","100.00","0.00","6.56","109.96"
"8653","197.94","100.00","0.00","6.56","110.01"
"8655","198.39","100.00","0.00","6.56","110.06"
"8690","198.78","100.00","0.00","6.56","110.11"
"8693","199.19","100.00","0.00","6.56","110.16"
"8708","199.59","100.00","0.00","6.56","110.20"
"8721","200.01","100.00","0.00","6.56","110.25"
"8756","200.39","100.00","0.00","6.56","110.30"
"8758","200.88","100.00","0.00","6.56","110.36"
"8772","201.28","100.00","0.00","6.56","110.41"
"8808","201.64","100.00","0.00","6.56","110.46"
"8698","201.92","100.00","0.00","6.56","110.51"
"7741","201.55","100.00","0.00","6.56","110.56"
"7465","202.16","100.00","0.00","6.56","110.61"
"7483","202.50","100.00","0.00","6.56","110.65"
"7497","202.86","100.00","0.00","6.56","110.70"
"7498","203.22","100.00","0.00","6.56","110.75"
"7527","203.56","100.00","0.00","6.56","110.80"
"7530","203.98","100.00","0.00","6.56","110.86"
"7571","204.31","100.00","0.00","6.56","110.91"
"7567","204.67","100.00","0.00","6.56","110.96"
"7549","205.06","100.00","0.00","6.56","111.01"
"7598","205.35","100.00","0.00","6.56","111.06"
"7583","205.69","100.00","0.00","6.56","111.10"
"7585","206.12","100.00","0.00","6.56","111.16"
"7606","206.39","100.00","0.00","6.56","111.20"
"7711","206.70","100.00","0.00","7.11","111.26"
"7706","207.06","100.00","0.00","7.11","111.31"
"7654","207.44","100.00","0.00","7.11","111.36"
"7643","207.81","100.00","0.00","7.11","111.41"
"7669","208.11","100.00","0.00","7.11","111.46"
"7714","208.42","100.00","0.00","7.11","111.51"
"7736","208.73","100.00","0.00","7.11","111.56"
"7721","209.07","100.00","0.00","7.11","111.60"
"7730","209.42","100.00","0.00","7.11","111.66"
"7739","209.73","100.00","0.00","7.11","111.70"
"7769","210.12","100.00","0.00","7.11","111.76"
"7779","210.37","100.00","0.00","7.11","111.80"
"7788","210.75","100.00","0.00","7.11","111.86"
"7789","211.09","100.00","0.00","7.11","111.91"
"7793","211.41","100.00","0.00","7.11","111.96"
"7816","211.71","100.00","0.00","6.84","112.01"
"7853","212.03","100.00","0.00","6.32","112.06"
"7848","212.35","100.00","0.00","5.77","112.11"
"7844","212.68","100.00","0.00","4.93","112.15"
"7859","213.02","100.00","0.00","4.65","112.20"
"7873","213.32","100.00","0.00","4.37","112.25"
"7879","213.67","100.00","0.00","4.37","112.30"
"7895","214.01","100.00","0.00","4.37","112.35"
"7915","214.32","100.00","0.00","4.37","112.40"
"7923","214.67","100.00","0.00","4.37","112.45"
"7934","215.08","100.00","0.00","4.37","112.51"
"7944","215.35","100.00","0.00","4.37","112.55"
"7969","215.75","100.00","0.00","4.37","112.61"
"7979","216.06","100.00","0.00","4.37","112.66"
"7975","216.40","100.00","0.00","4.37","112.71"
"7989","216.74","100.00","0.00","4.37","112.76"
"7998","217.08","100.00","0.00","4.37","112.81"
"8033","217.38","100.00","0.00","4.37","112.86"
"8045","217.72","100.00","0.00","4.37","112.91"
"8048","218.06","100.00","0.00","4.37","112.96"
"8050","218.38","100.00","0.00","4.37","113.01"
"8057","218.72","100.00","0.00","4.37","113.06"
"8075","219.06","100.00","0.00","4.37","113.11"
"8113","219.37","100.00","0.00","4.37","113.16"
"8106","219.68","100.00","0.00","4.37","113.21"
"8100","220.03","100.00","0.00","4.37","113.26"
"8123","220.30","100.00","0.00","4.37","113.30"
"8154","220.65","100.00","0.00","4.37","113.36"
"8154","220.97","100.00","0.00","4.37","113.41"
"8150","221.25","100.00","0.00","4.37","113.45"
"8160","221.64","100.00","0.00","4.37","113.51"
"8212","221.92","100.00","0.00","4.37","113.56"
"8211","222.23","100.00","0.00","4.37","113.61"
"8205","222.57","100.00","0.00","4.37","113.66"
"8221","222.88","100.00","0.00","4.37","113.71"
"8220","223.18","100.00","0.00","4.37","113.76"
"8229","223.50","100.00","0.00","4.37","113.81"
"8247","223.80","100.00","0.00","4.37","113.86"
"8282","224.08","100.00","0.00","4.37","113.91"
"8277","224.38","100.00","0.00","4.37","113.96"
"8287","224.69","100.00","0.00","4.37","114.01"
"8300","225.00","100.00","0.00","4.37","114.06"
"8307","225.30","100.00","0.00","4.37","114.11"
"8313","225.59","100.00","0.00","4.37","114.16"
"8326","225.89","100.00","0.00","4.37","114.21"
"8334","226.19","100.00","0.00","4.37","114.26"
"8344","226.49","100.00","0.00","4.37","114.31"
"8350","226.78","100.00","0.00","4.37","114.36"
"8368","227.07","100.00","0.00","4.37","114.41"
"8387","227.34","100.00","0.00","4.37","114.46"
"8412","227.61","100.00","0.00","4.37","114.51"
"8403","227.91","100.00","0.00","4.37","114.56"
"8399","228.19","100.00","0.00","4.37","114.61"
"8408","228.44","100.00","0.00","4.37","114.65"
"8448","228.70","100.00","0.00","4.37","114.70"
"8454","228.98","100.00","0.00","4.37","114.75"
"8446","229.28","100.00","0.00","4.37","114.81"
"8449","229.56","100.00","0.00","4.37","114.86"
"8459","229.84","100.00","0.00","4.37","114.91"
"8469","230.09","100.00","0.00","4.14","114.96"
"8488","230.36","100.00","0.00","4.14","115.01"
"8507","230.62","100.00","0.00","3.86","115.06"
"8503","230.88","100.00","0.00","3.86","115.11"
"8513","231.15","100.00","0.00","3.86","115.16"
"8530","231.41","100.00","0.00","3.86","115.21"
"8541","231.65","100.00","0.00","3.86","115.26"
"8538","231.93","100.00","0.00","3.86","115.31"
"8549","232.21","100.00","0.00","3.58","115.36"
"8560","232.45","100.00","0.00","3.02","115.41"
"8576","232.73","100.00","0.00","2.74","115.46"
"8581","232.98","100.00","0.00","2.19","115.51"
"8587","233.20","100.00","0.00","1.95","115.55"
"8599","233.47","100.00","0.00","1.67","115.60"
"8608","233.72","100.00","0.00","1.67","115.65"
"8611","234.01","100.00","0.00","1.40","115.71"
"8633","234.26","100.00","0.00","1.40","115.76"
"8638","234.54","100.00","0.00","1.40","115.81"
"8642","234.76","100.00","0.00","1.40","115.86"
"8644","235.02","100.00","0.00","1.40","115.91"
"8659","235.28","100.00","0.00","1.40","115.96"
"8679","235.54","100.00","0.00","1.40","116.01"
"8683","235.75","100.00","0.00","1.40","116.05"
"8689","236.03","100.00","0.00","1.40","116.11"
"8701","236.28","100.00","0.00","1.40","116.16"
"8704","236.55","100.00","0.00","1.40","116.21"
"8729","236.75","100.00","0.00","1.40","116.25"
"8725","237.00","100.00","0.00","1.40","116.31"
"8723","237.27","100.00","0.00","0.84","116.36"
"8726","237.53","100.00","0.00","0.28","116.41"
"8748","237.73","100.00","0.00","0.28","116.46"
"8775","237.94","100.00","0.00","0.00","116.51"
"8773","238.20","100.00","0.00","0.28","116.56"
"8766","238.41","100.00","0.00","0.28","116.60"
"8780","238.68","100.00","0.00","-0.28","116.66"
"8828","238.88","100.00","0.00","-1.63","116.71"
"8817","239.09","100.00","0.00","-2.19","116.75"
"8800","239.37","100.00","0.00","-2.74","116.81"
"8800","239.64","100.00","0.00","-3.58","116.86"
"8826","239.81","100.00","0.00","-3.81","116.91"
"8826","240.04","100.00","0.00","-3.81","116.96"
"8446","239.72","100.00","0.00","-3.81","117.01"
"7482","239.94","100.00","0.00","-3.81","117.06"
"7499","240.10","100.00","0.00","-4.37","117.11"
"7502","240.31","100.00","0.00","-4.93","117.16"
"7518","240.45","100.00","0.00","-6.56","117.21"
"7507","240.66","100.00","0.00","-8.74","117.26"
"7507","240.81","100.00","0.00","-10.37","117.31"
"7524","240.97","100.00","0.00","-11.49","117.36"
"7540","241.10","100.00","0.00","-11.49","117.41"
"7557","241.25","100.00","0.00","-9.30","117.46"
"7544","241.38","100.00","0.00","-6.56","117.50"
"7539","241.54","100.00","0.00","-2.74","117.56"
"7541","241.69","100.00","0.00","0.00","117.61"
"7551","241.83","100.00","0.00","0.84","117.66"
"7555","242.02","100.00","0.00","0.84","117.71"
"7553","242.18","100.00","0.00","-0.28","117.75"
"7555","242.39","100.00","0.00","-2.74","117.81"
"7566","242.59","100.00","0.00","-6.00","117.86"
"7574","242.73","100.00","0.00","-8.74","117.90"
"7584","242.92","100.00","0.00","-11.49","117.96"
"7589","243.06","100.00","0.00","-13.11","118.00"
"7589","243.21","100.00","0.00","-13.11","118.06"
"7603","243.33","100.00","0.00","-13.11","118.11"
"7610","243.43","100.00","0.00","-13.11","118.15"
"7613","243.53","100.00","0.00","-13.11","118.21"
"7618","243.63","100.00","0.00","-13.11","118.26"
"7633","243.69","100.00","0.00","-13.67","118.31"
"7629","243.76","100.00","0.00","-14.23","118.36"
"7615","243.82","100.00","0.00","-14.74","118.40"
"7622","243.88","100.00","0.00","-15.86","118.46"
"7625","243.89","100.00","0.00","-16.41","118.51"
"7612","243.94","100.00","0.00","-16.41","118.55"
"7636","243.99","100.00","0.00","-16.41","118.60"
"7669","244.01","100.00","0.00","-16.41","118.66"
"7633","244.07","100.00","0.00","-16.41","118.71"
"7621","244.09","100.00","0.00","-16.41","118.75"
"7632","244.10","100.00","0.00","-16.41","118.81"
"7661","244.14","100.00","0.00","-16.41","118.86"
"7657","244.17","100.00","0.00","-16.41","118.90"
"7631","244.21","100.00","0.00","-16.41","118.96"
"7629","244.23","100.00","0.00","-15.02","119.00"
"7634","244.24","100.00","0.00","-13.39","119.05"
"7645","244.30","100.00","0.00","-11.49","119.11"
"7670","244.34","100.00","0.00","-10.37","119.15"
"7634","244.42","100.00","0.00","-9.58","119.21"
"7625","244.47","100.00","0.00","-9.30","119.26"
"7630","244.53","100.00","0.00","-8.74","119.30"
"7654","244.63","100.00","0.00","-7.95","119.35"
"7676","244.74","100.00","0.00","-7.67","119.41"
"7653","244.85","100.00","0.00","-7.67","119.45"
"7638","244.98","100.00","0.00","-7.67","119.51"
"7642","245.10","100.00","0.00","-7.67","119.56"
"7657","245.19","100.00","0.00","-7.67","119.60"
"7663","245.30","100.00","0.00","-7.67","119.65"
"7656","245.44","100.00","0.00","-7.67","119.71"
"7667","245.56","100.00","0.00","-7.67","119.76"
"7670","245.66","100.00","0.00","-7.67","119.80"
"7683","245.79","100.00","0.00","-7.67","119.85"
"7676","245.91","100.00","0.00","-7.67","119.91"
"7673","246.04","100.00","0.00","-7.11","119.96"
"7688","246.15","100.00","0.00","-6.56","120.01"
"7692","246.25","100.00","0.00","-5.49","120.05"
"7695","246.38","100.00","0.00","-4.09","120.11"
"7691","246.52","100.00","0.00","-3.30","120.16"
"7690","246.65","100.00","0.00","-2.74","120.21"
"7694","246.78","100.00","0.00","-2.74","120.25"
"7708","246.92","100.00","0.00","-2.74","120.30"
"7714","247.07","100.00","0.00","-2.74","120.36"
"7709","247.23","100.00","0.00","-2.74","120.41"
"7712","247.39","100.00","0.00","-2.74","120.46"
"7717","247.51","100.00","0.00","-2.74","120.50"
"7723","247.66","100.00","0.00","-2.74","120.56"
"7738","247.81","100.00","0.00","-3.02","120.61"
"7738","247.96","100.00","0.00","-4.65","120.66"
"7734","248.09","100.00","0.00","-6.28","120.70"
"7741","248.24","100.00","0.00","-9.02","120.76"
"7757","248.36","100.00","0.00","-11.76","120.81"
"7759","248.45","100.00","0.00","-13.39","120.85"
"7760","248.57","100.00","0.00","-13.39","120.91"
"7767","248.65","100.00","0.00","-11.21","120.96"
"7767","248.63","100.00","0.00","-9.86","121.00"
"7779","248.44","100.00","0.00","-9.58","121.06"
"7767","248.26","100.00","0.00","-10.93","121.11"
"7747","248.09","100.00","0.00","-12.55","121.16"
"7743","247.95","100.00","0.00","-13.11","121.20"
"7747","247.76","100.00","0.00","-11.49","121.26"
"7732","247.60","100.00","0.00","-8.18","121.31"
"7733","247.44","100.00","0.00","-5.49","121.35"
"7718","247.29","100.00","0.00","-3.58","121.41"
"7716","247.13","100.00","0.00","-3.02","121.46"
"7720","247.00","100.00","0.00","-3.30","121.51"
"7712","246.90","100.00","0.00","-3.30","121.55"
"7716","246.78","100.00","0.00","-3.81","121.61"
"7704","246.69","100.00","0.00","-4.37","121.66"
"7695","246.59","100.00","0.00","-4.37","121.71"
"7695","246.51","100.00","0.00","-4.37","121.75"
"7695","246.39","100.00","0.00","-4.37","121.80"
"7682","246.30","100.00","0.00","-5.49","121.86"
"7678","246.19","100.00","0.00","-7.67","121.91"
"7680","246.07","100.00","0.00","-12.04","121.96"
"7688","246.01","100.00","0.00","-15.86","122.00"
"7700","246.07","100.00","0.00","-19.67","122.05"
"7700","246.18","100.00","0.00","-21.34","122.10"
"7700","246.26","100.00","0.00","-21.34","122.16"
"7704","246.32","100.00","0.00","-19.95","122.21"
"7716","246.37","100.00","0.00","-18.04","122.26"
"7720","246.40","100.00","0.00","-16.69","122.31"
"7719","246.42","100.00","0.00","-16.14","122.36"
"7712","246.44","100.00","0.00","-16.41","122.41"
"7716","246.43","100.00","0.00","-17.48","122.46"
"7700","246.42","100.00","0.00","-19.16","122.51"
"7698","246.41","100.00","0.00","-20.23","122.56"
"7710","246.39","100.00","0.00","-20.79","122.60"
"7707","246.38","100.00","0.00","-20.23","122.66"
"7702","246.37","100.00","0.00","-19.67","122.71"
"7710","246.37","100.00","0.00","-19.67","122.75"
"7714","246.34","100.00","0.00","-19.95","122.80"
"7699","246.31","100.00","0.00","-20.51","122.85"
"7698","246.26","100.00","0.00","-21.58","122.91"
"7711","246.22","100.00","0.00","-23.25","122.96"
"7707","246.16","100.00","0.00","-24.32","123.01"
"7697","246.07","100.00","0.00","-24.88","123.06"
"7684","245.97","100.00","0.00","-24.88","123.11"
"7703","245.87","100.00","0.00","-24.32","123.16"
"7713","245.81","100.00","0.00","-23.76","123.21"
"7715","245.75","100.00","0.00","-23.53","123.26"
"7698","245.67","100.00","0.00","-23.53","123.31"
"7689","245.59","100.00","0.00","-23.25","123.35"
"7684","245.48","100.00","0.00","-23.25","123.40"
"7681","245.37","100.00","0.00","-23.25","123.45"
"7672","245.25","100.00","0.00","-23.25","123.51"
"7664","245.14","100.00","0.00","-23.25","123.56"
"7672","245.07","100.00","0.00","-23.25","123.61"
"7691","245.01","100.00","0.00","-22.69","123.66"
"7676","244.99","100.00","0.00","-22.41","123.70"
"7669","244.92","100.00","0.00","-21.85","123.75"
"7653","244.85","100.00","0.00","-21.34","123.81"
"7656","244.77","100.00","0.00","-20.79","123.86"
"7673","244.74","100.00","0.00","-20.51","123.91"
"7695","244.70","100.00","0.00","-19.95","123.96"
"7651","244.66","100.00","0.00","-19.16","124.01"
"7636","244.60","100.00","0.00","-18.04","124.06"
"7654","244.57","100.00","0.00","-17.20","124.10"
"7670","244.54","100.00","0.00","-15.86","124.16"
"7670","244.57","100.00","0.00","-14.51","124.21"
"7665","244.59","100.00","0.00","-13.11","124.26"
"7648","244.63","100.00","0.00","-12.04","124.31"
"7659","244.66","100.00","0.00","-11.49","124.35"
"7663","244.70","100.00","0.00","-11.49","124.41"
"7653","244.79","100.00","0.00","-11.49","124.46"
"7661","244.88","100.00","0.00","-11.49","124.51"
"7672","244.95","100.00","0.00","-11.49","124.55"
"7665","245.07","100.00","0.00","-11.49","124.60"
"7665","245.18","100.00","0.00","-11.49","124.66"
"7673","245.26","100.00","0.00","-11.49","124.71"
"7683","245.36","100.00","0.00","-11.21","124.76"
"7685","245.42","100.00","0.00","-10.65","124.80"
"7677","245.53","100.00","0.00","-9.86","124.86"
"7688","245.58","100.00","0.00","-9.30","124.90"
"7663","245.68","100.00","0.00","-8.18","124.96"
"7685","245.72","100.00","0.00","-7.39","125.00"
"7700","245.79","100.00","0.00","-6.00","125.06"
"7672","245.88","100.00","0.00","-3.81","125.11"
"7668","246.00","100.00","0.00","-2.19","125.16"
"7685","246.10","100.00","0.00","-0.56","125.21"
"7679","246.24","100.00","0.00","0.28","125.25"
"7687","246.39","100.00","0.00","1.40","125.31"
"7693","246.55","100.00","0.00","0.28","125.35"
"7692","246.78","100.00","0.00","0.00","125.41"
"7717","246.92","100.00","0.00","-1.12","125.45"
"7718","247.13","100.00","0.00","-0.56","125.51"
"7712","247.35","100.00","0.00","-0.28","125.56"
"7720","247.52","100.00","0.00","-1.12","125.61"
"7726","247.72","100.00","0.00","-1.63","125.66"
"7729","247.90","100.00","0.00","-1.63","125.70"
"7734","248.10","100.00","0.00","0.28","125.76"
"7740","248.26","100.00","0.00","2.46","125.80"
"7747","248.46","100.00","0.00","2.46","125.86"
"7758","248.62","100.00","0.00","1.40","125.90"
"7762","248.80","100.00","0.00","0.00","125.95"
"7765","249.00","100.00","0.00","0.28","126.01"
"7768","249.16","100.00","0.00","1.40","126.05"
"7777","249.35","100.00","0.00","2.46","126.11"
"7780","249.55","100.00","0.00","1.95","126.16"
"7786","249.69","100.00","0.00","1.67","126.21"
"7790","249.87","100.00","0.00","1.67","126.26"
"7803","250.06","100.00","0.00","1.67","126.31"
"7814","250.17","100.00","0.00","1.67","126.36"
"7799","250.37","100.00","0.00","1.67","126.41"
"7804","250.53","100.00","0.00","1.67","126.45"
"7829","250.69","100.00","0.00","1.67","126.51"
"7842","250.83","100.00","0.00","1.95","126.56"
"7822","251.02","100.00","0.00","2.46","126.61"
"7821","251.17","100.00","0.00","4.65","126.66"
"7843","251.32","100.00","0.00","5.21","126.71"
"7851","251.45","100.00","0.00","4.93","126.76"
"7847","251.60","100.00","0.00","4.65","126.80"
"7862","251.74","100.00","0.00","4.65","126.86"
"7850","251.89","100.00","0.00","4.65","126.91"
"7848","252.02","100.00","0.00","4.65","126.96"
"7866","252.16","100.00","0.00","4.65","127.01"
"7877","252.26","100.00","0.00","4.65","127.05"
"7876","252.43","100.00","0.00","4.65","127.11"
"7883","252.55","100.00","0.00","4.65","127.16"
"7882","252.69","100.00","0.00","4.93","127.21"
"7881","252.80","100.00","0.00","4.93","127.26"
"7877","252.94","100.00","0.00","5.49","127.31"
"7891","253.05","100.00","0.00","6.05","127.36"
"7898","253.14","100.00","0.00","7.11","127.41"
"7911","253.26","100.00","0.00","9.30","127.46"
"7907","253.37","100.00","0.00","10.93","127.51"
"7901","253.45","100.00","0.00","12.04","127.56"
"7926","253.53","100.00","0.00","12.04","127.61"
"7917","253.59","100.00","0.00","11.49","127.66"
"7911","253.64","100.00","0.00","10.70","127.71"
"7921","253.69","100.00","0.00","10.14","127.76"
"7931","253.72","100.00","0.00","9.30","127.80"
"7921","253.76","100.00","0.00","8.23","127.86"
"7921","253.82","100.00","0.00","6.84","127.91"
"7925","253.87","100.00","0.00","6.05","127.95"
"7924","253.93","100.00","0.00","5.77","128.01"
"7926","254.01","100.00","0.00","4.93","128.06"
"7929","254.10","100.00","0.00","4.65","128.11"
"7934","254.18","100.00","0.00","4.14","128.15"
"7930","254.28","100.00","0.00","4.14","128.20"
"7927","254.40","100.00","0.00","4.14","128.26"
"7936","254.50","100.00","0.00","4.14","128.31"
"7951","254.58","100.00","0.00","4.14","128.35"
"7941","254.70","100.00","0.00","4.14","128.41"
"7941","254.81","100.00","0.00","4.14","128.45"
"7961","254.92","100.00","0.00","4.37","128.51"
"7957","255.03","100.00","0.00","4.37","128.56"
"7951","255.13","100.00","0.00","4.37","128.61"
"7956","255.26","100.00","0.00","4.37","128.66"
"7971","255.36","100.00","0.00","4.37","128.71"
"7964","255.45","100.00","0.00","4.37","128.76"
"7968","255.57","100.00","0.00","4.37","128.81"
"7981","255.66","100.00","0.00","3.86","128.85"
"7937","255.67","59.77","5.39","3.02","128.91"
"7805","254.76","17.26","58.16","2.19","128.96"
"7549","252.69","0.00","100.00","1.67","129.00"
"7395","248.67","0.00","100.00","1.40","129.06"
"7640","244.63","80.00","100.00","1.95","129.11"
"8722","242.06","69.33","100.00","2.19","129.15"
"8522","238.75","0.00","100.00","3.30","129.20"
"8092","234.98","0.00","100.00","2.74","129.26"
"8230","231.70","0.00","100.00","2.74","129.30"
"8135","227.74","0.00","100.00","2.46","129.36"
"7951","224.06","0.00","100.00","3.02","129.41"
"7828","220.98","0.00","95.37","3.30","129.45"
"7750","217.25","0.00","88.46","3.02","129.51"
"7643","213.98","0.00","83.73","1.67","129.56"
"7529","210.72","0.00","83.53","0.56","129.61"
"7441","208.20","0.00","83.53","0.56","129.66"
"8618","205.04","77.33","83.53","0.28","129.71"
"8481","201.99","0.00","83.53","0.28","129.76"
"8118","199.30","0.00","83.53","0.28","129.81"
"8289","196.09","0.00","87.37","0.28","129.86"
"8138","193.38","0.00","89.11","0.00","129.90"
"7891","190.18","0.00","90.66","0.28","129.95"
"7819","186.68","0.00","90.88","0.00","130.01"
"7716","183.38","0.00","90.88","0.00","130.06"
"7590","180.74","0.00","91.10","0.28","130.10"
"7399","177.59","0.00","91.10","0.28","130.15"
"7268","174.16","0.00","91.10","0.28","130.20"
"7177","170.85","0.00","91.10","-0.28","130.26"
"7777","167.51","80.00","91.10","0.00","130.31"
"8480","164.99","21.33","89.78","0.28","130.35"
"8081","161.99","0.00","85.43","0.28","130.41"
"8001","159.00","0.00","84.80","-0.28","130.45"
"7878","155.72","0.00","84.58","-0.28","130.51"
"7775","153.25","0.00","84.58","-0.28","130.55"
"7647","150.25","0.00","84.58","0.00","130.60"
"7472","147.20","0.00","84.58","0.00","130.66"
"7264","144.26","0.00","84.58","0.28","130.71"
"7177","141.22","0.00","80.81","0.28","130.76"
"7072","138.21","0.00","76.33","0.84","130.81"
"6990","136.03","0.00","74.34","1.40","130.86"
"7310","133.43","80.00","70.84","1.40","130.91"
"8260","130.88","13.33","69.89","1.40","130.96"
"7933","128.94","0.00","69.89","0.00","131.01"
"7927","126.40","0.00","69.89","0.00","131.06"
"7841","123.78","0.00","69.89","1.40","131.11"
"7658","121.61","0.00","69.89","2.46","131.15"
"7498","119.19","0.00","69.89","3.02","131.20"
"7392","116.62","0.00","69.89","3.02","131.25"
"7222","114.04","0.00","69.89","3.02","131.31"
"7068","111.58","0.00","69.89","3.30","131.36"
"6912","109.01","0.00","69.89","4.37","131.41"
"6784","107.00","0.00","69.89","5.49","131.45"
"6611","104.60","0.00","69.89","7.11","131.51"
"7765","102.28","80.00","70.27","9.30","131.56"
"7813","99.94","0.00","70.27","11.49","131.61"
"7460","97.75","0.00","70.46","13.11","131.66"
"7913","94.63","0.00","70.66","15.30","131.71"
"7893","92.34","0.00","70.66","17.48","131.75"
"7750","89.79","0.00","70.66","20.23","131.80"
"7575","87.27","0.00","70.66","23.53","131.85"
"7354","84.82","0.00","70.66","27.34","131.91"
"7137","82.44","0.00","70.66","31.16","131.95"
"6963","80.26","0.00","65.05","34.97","132.00"
"6811","78.10","0.00","53.66","39.34","132.06"
"6651","76.25","0.00","44.39","44.27","132.11"
"6555","74.69","0.00","37.57","48.64","132.15"
"6443","73.25","0.00","33.10","54.08","132.20"
"6332","71.95","0.00","31.41","59.01","132.25"
"6197","70.42","0.00","29.07","64.50","132.31"
"6111","69.48","0.00","26.41","68.31","132.35"
"6002","68.20","0.00","22.11","73.19","132.41"
"5919","67.24","0.00","16.63","77.56","132.45"
"5862","66.40","3.13","8.77","82.49","132.51"
"5826","65.85","6.37","1.58","87.98","132.56"
"5801","65.44","9.31","0.00","93.42","132.60"
"5774","65.08","12.55","0.00","99.42","132.65"
"5751","64.69","16.96","0.00","104.90","132.70"
"5750","64.23","28.33","0.00","110.34","132.76"
"5757","63.97","35.48","0.00","114.16","132.81"
"5727","63.79","38.03","0.00","116.90","132.86"
"5718","63.58","40.59","0.00","118.53","132.91"
"5742","63.37","42.25","0.00","118.53","132.95"
"5750","63.27","44.70","0.00","118.30","133.00"
"5795","63.27","48.03","0.00","116.34","133.06"
"5834","63.33","49.70","0.00","113.09","133.11"
"5841","63.48","50.78","0.00","108.44","133.16"
"5892","63.69","53.32","0.00","103.00","133.20"
"6028","63.89","56.74","0.00","97.00","133.25"
"6016","64.27","59.08","0.00","87.42","133.31"
"6131","64.72","60.64","0.00","77.56","133.36"
"6166","65.39","63.19","0.00","68.03","133.41"
"6230","66.10","66.50","0.00","60.64","133.45"
"6273","67.08","71.68","0.00","54.08","133.51"
"6429","67.86","75.88","0.00","49.71","133.56"
"6486","68.44","80.08","0.00","44.83","133.61"
"6501","69.25","82.03","0.00","38.78","133.66"
"6588","70.31","82.52","0.00","33.34","133.70"
"6716","71.37","85.06","0.00","28.69","133.75"
"6882","72.51","88.47","0.00","24.04","133.80"
"7062","73.59","91.60","0.00","21.62","133.85"
"7239","75.00","95.22","0.00","19.95","133.91"
"7158","76.10","97.95","0.00","19.67","133.95"
"7350","77.41","100.00","0.00","19.67","134.01"
"7555","78.65","100.00","0.00","19.67","134.06"
"7713","79.92","100.00","0.00","19.67","134.10"
"7787","81.42","100.00","0.00","19.44","134.16"
"7891","82.79","100.00","0.00","17.76","134.20"
"8069","84.14","100.00","0.00","14.51","134.25"
"8264","85.35","100.00","0.00","11.21","134.30"
"8238","86.70","98.24","0.00","7.67","134.35"
"8136","88.21","66.21","0.00","4.14","134.41"
"7889","88.88","33.43","4.04","1.67","134.46"
"7767","88.44","0.00","19.48","-1.12","134.51"
"7627","87.35","0.00","37.57","-4.37","134.56"
"7458","85.66","0.00","57.14","-7.11","134.61"
"7230","83.59","0.00","76.94","-9.30","134.66"
"6979","81.06","0.00","81.64","-13.11","134.70"
"6765","78.41","0.00","81.64","-19.67","134.76"
"6578","76.09","0.00","69.70","-26.78","134.81"
"6427","73.89","0.00","62.52","-36.08","134.86"
"6239","71.64","0.00","57.14","-46.45","134.91"
"6049","69.72","0.00","51.72","-55.20","134.96"
"5951","67.83","0.00","46.31","-63.43","135.01"
"5865","66.52","0.00","41.24","-68.87","135.05"
"5757","65.00","0.00","34.72","-75.98","135.10"
"5635","63.64","0.00","25.98","-83.10","135.15"
"5547","62.63","0.00","17.04","-89.09","135.20"
"5482","61.75","0.00","6.76","-96.21","135.26"
"5445","61.15","0.00","1.36","-101.65","135.31"
"5404","60.68","0.00","0.00","-106.58","135.36"
"5359","60.23","0.00","0.00","-110.95","135.41"
"5332","59.78","9.51","0.00","-114.25","135.45"
"5311","59.41","18.53","0.00","-117.51","135.50"
"5288","59.03","26.18","0.00","-120.25","135.56"
"5277","58.75","31.57","0.00","-121.88","135.61"
"5281","58.48","36.27","0.00","-122.43","135.66"
"5277","58.27","42.25","0.00","-122.43","135.71"
"5276","58.19","45.29","0.00","-122.43","135.76"
"5372","58.09","48.13","0.00","-122.43","135.81"
"5413","58.08","50.88","0.00","-122.43","135.85"
"5430","58.24","53.52","0.00","-120.81","135.91"
"5452","58.42","54.59","0.00","-118.06","135.96"
"5500","58.47","56.06","0.00","-114.25","136.01"
"5416","58.48","58.30","0.00","-109.88","136.05"
"5468","58.52","61.62","0.00","-105.23","136.10"
"5563","58.80","65.23","0.00","-99.74","136.16"
"5481","59.03","67.78","0.00","-95.09","136.21"
"5507","59.38","70.51","0.00","-92.12","136.26"
"5599","59.78","74.22","0.00","-88.26","136.31"
"5755","60.28","77.25","0.00","-84.44","136.36"
"5765","60.70","79.30","0.00","-81.42","136.40"
"5804","61.38","83.30","0.00","-78.45","136.46"
"5876","61.98","85.35","0.00","-76.54","136.51"
"5997","62.67","85.45","0.00","-75.42","136.56"
"6010","63.61","87.01","0.00","-74.35","136.60"
"6145","64.88","89.75","0.00","-72.68","136.66"
"6175","65.80","90.92","0.00","-70.49","136.71"
"6237","66.55","91.90","0.00","-66.68","136.76"
"6307","67.41","92.97","0.00","-61.75","136.81"
"6452","68.11","94.72","0.00","-56.31","136.86"
"6544","69.02","98.34","0.00","-51.38","136.91"
"6596","69.94","100.00","0.00","-46.45","136.95"
"6769","70.96","100.00","0.00","-41.57","137.01"
"6902","72.13","100.00","0.00","-36.36","137.06"
"7049","73.42","100.00","0.00","-31.71","137.10"
"7197","74.84","100.00","0.00","-27.90","137.16"
"7287","76.20","100.00","0.00","-24.60","137.20"
"7378","77.68","100.00","0.00","-21.06","137.25"
"7449","79.19","100.00","0.00","-18.04","137.31"
"7550","80.58","100.00","0.00","-15.86","137.35"
"7761","81.90","100.00","0.00","-14.74","137.40"
"7915","83.20","100.00","0.00","-14.51","137.45"
"7940","84.79","100.00","0.00","-14.51","137.50"
"8070","86.53","100.00","0.00","-14.74","137.56"
"8220","87.56","100.00","0.00","-15.30","137.60"
"8394","89.17","100.00","0.00","-15.30","137.66"
"8487","90.48","100.00","0.00","-15.30","137.71"
"8549","91.91","100.00","0.00","-15.30","137.76"
"8652","93.18","100.00","0.00","-15.30","137.81"
"8779","94.47","100.00","0.00","-15.30","137.86"
"8877","95.78","100.00","0.00","-15.30","137.91"
"8977","96.98","100.00","0.00","-15.30","137.96"
"8540","96.99","100.00","0.00","-15.30","138.01"
"6788","97.84","100.00","0.00","-15.30","138.06"
"6634","99.05","100.00","0.00","-13.39","138.11"
"6670","100.20","100.00","0.00","-11.21","138.16"
"6777","101.21","100.00","0.00","-9.86","138.21"
"6878","102.27","100.00","0.00","-8.74","138.26"
"6913","103.41","100.00","0.00","-8.46","138.31"
"6952","104.49","100.00","0.00","-8.46","138.36"
"7043","105.58","100.00","0.00","-8.46","138.41"
"7132","106.58","100.00","0.00","-8.46","138.45"
"7208","107.66","100.00","0.00","-8.18","138.51"
"7252","108.77","100.00","0.00","-8.18","138.56"
"7300","109.82","100.00","0.00","-8.18","138.61"
"7417","110.84","100.00","0.00","-8.18","138.66"
"7460","111.88","100.00","0.00","-8.18","138.70"
"7537","112.94","100.00","0.00","-8.18","138.76"
"7597","114.02","100.00","0.00","-7.95","138.81"
"7658","115.10","100.00","0.00","-7.67","138.86"
"7757","116.07","100.00","0.00","-7.11","138.91"
"7866","117.08","100.00","0.00","-6.00","138.96"
"7893","118.18","100.00","0.00","-4.93","139.01"
"7913","119.32","100.00","0.00","-3.30","139.06"
"7993","120.31","100.00","0.00","-2.74","139.11"
"8109","121.31","100.00","0.00","-2.74","139.16"
"8171","122.36","100.00","0.00","-2.46","139.21"
"8204","123.26","100.00","0.00","-2.46","139.25"
"8262","124.32","100.00","0.00","-2.19","139.30"
"8353","125.39","100.00","0.00","-1.91","139.36"
"8398","126.42","100.00","0.00","-1.63","139.41"
"8457","127.37","100.00","0.00","-1.12","139.45"
"8522","128.35","100.00","0.00","0.00","139.51"
"8593","129.31","100.00","0.00","0.84","139.56"
"8627","130.25","100.00","0.00","0.84","139.61"
"8716","131.16","100.00","0.00","0.84","139.66"
"8766","132.12","100.00","0.00","0.84","139.71"
"8833","132.98","100.00","0.00","1.12","139.76"
"8579","133.38","100.00","0.00","2.19","139.81"
"7567","133.62","100.00","0.00","3.30","139.86"
"7217","134.88","100.00","0.00","3.30","139.91"
"7226","135.79","100.00","0.00","3.30","139.96"
"7266","136.49","100.00","0.00","3.30","140.00"
"7389","137.38","100.00","0.00","3.30","140.06"
"7367","138.28","100.00","0.00","3.30","140.11"
"7388","138.93","100.00","0.00","3.30","140.15"
"7448","139.75","100.00","0.00","3.30","140.20"
"7509","140.54","100.00","0.00","3.30","140.25"
"7546","141.37","100.00","0.00","3.30","140.31"
"7578","142.20","100.00","0.00","3.30","140.36"
"7622","143.02","100.00","0.00","3.30","140.41"
"7684","143.82","100.00","0.00","3.30","140.46"
"7720","144.63","100.00","0.00","2.74","140.51"
"7736","145.47","100.00","0.00","1.95","140.56"
"7805","146.26","100.00","0.00","1.67","140.61"
"7844","146.93","100.00","0.00","1.40","140.65"
"7895","147.72","100.00","0.00","1.12","140.70"
"7907","148.57","100.00","0.00","1.12","140.76"
"7963","149.41","100.00","0.00","1.12","140.81"
"7998","150.29","100.00","0.00","0.84","140.86"
"8043","150.94","100.00","0.00","0.84","140.91"
"8096","151.72","100.00","0.00","0.84","140.95"
"8128","152.53","100.00","0.00","0.84","141.01"
"8159","153.39","100.00","0.00","0.84","141.06"
"8218","154.16","100.00","0.00","0.84","141.11"
"8272","154.78","100.00","0.00","0.84","141.15"
"8285","155.58","100.00","0.00","0.56","141.20"
"8303","156.39","100.00","0.00","0.28","141.26"
"8352","157.16","100.00","0.00","-0.28","141.31"
"8428","157.91","100.00","0.00","-0.28","141.36"
"8462","158.52","100.00","0.00","0.00","141.40"
"8480","159.32","100.00","0.00","-0.28","141.45"
"8498","160.08","100.00","0.00","-0.28","141.51"
"8552","160.84","100.00","0.00","0.00","141.56"
"8589","161.56","100.00","0.00","0.00","141.61"
"8621","162.13","100.00","0.00","0.00","141.66"
"8653","162.85","100.00","0.00","0.28","141.70"
"8684","163.57","100.00","0.00","0.28","141.76"
"8752","164.26","100.00","0.00","0.28","141.81"
"8754","164.85","100.00","0.00","0.00","141.85"
